ID,type
DR4_3_STRIPE82-0021_0018170,1.0
DR4_3_STRIPE82-0023_0030869,1.0
DR4_3_STRIPE82-0021_0005628,0.0
DR4_3_STRIPE82-0021_0006289,0.0
DR4_3_STRIPE82-0021_0006591,0.0
DR4_3_STRIPE82-0021_0006617,0.0
DR4_3_STRIPE82-0021_0006618,0.0
DR4_3_STRIPE82-0021_0006908,0.0
DR4_3_STRIPE82-0021_0007031,0.0
DR4_3_STRIPE82-0021_0007625,0.0
DR4_3_STRIPE82-0021_0009038,0.0
DR4_3_STRIPE82-0021_0009283,0.0
DR4_3_STRIPE82-0021_0009440,0.0
DR4_3_STRIPE82-0021_0009484,0.0
DR4_3_STRIPE82-0021_0010244,0.0
DR4_3_STRIPE82-0021_0010729,0.0
DR4_3_STRIPE82-0021_0010992,0.0
DR4_3_STRIPE82-0021_0011166,0.0
DR4_3_STRIPE82-0021_0011315,0.0
DR4_3_STRIPE82-0021_0011540,0.0
DR4_3_STRIPE82-0021_0012333,0.0
DR4_3_STRIPE82-0021_0012393,0.0
DR4_3_STRIPE82-0021_0012871,0.0
DR4_3_STRIPE82-0021_0012994,0.0
DR4_3_STRIPE82-0021_0013023,0.0
DR4_3_STRIPE82-0021_0013077,0.0
DR4_3_STRIPE82-0021_0013275,0.0
DR4_3_STRIPE82-0021_0013312,0.0
DR4_3_STRIPE82-0021_0013939,0.0
DR4_3_STRIPE82-0021_0013977,0.0
DR4_3_STRIPE82-0021_0015062,0.0
DR4_3_STRIPE82-0021_0015134,0.0
DR4_3_STRIPE82-0021_0015147,0.0
DR4_3_STRIPE82-0021_0015759,0.0
DR4_3_STRIPE82-0021_0015776,0.0
DR4_3_STRIPE82-0021_0015909,0.0
DR4_3_STRIPE82-0021_0015995,0.0
DR4_3_STRIPE82-0021_0016250,0.0
DR4_3_STRIPE82-0021_0016477,0.0
DR4_3_STRIPE82-0021_0017008,0.0
DR4_3_STRIPE82-0021_0017300,0.0
DR4_3_STRIPE82-0021_0018054,0.0
DR4_3_STRIPE82-0021_0018414,0.0
DR4_3_STRIPE82-0021_0018607,0.0
DR4_3_STRIPE82-0021_0018760,0.0
DR4_3_STRIPE82-0021_0018764,0.0
DR4_3_STRIPE82-0021_0018845,0.0
DR4_3_STRIPE82-0021_0018884,0.0
DR4_3_STRIPE82-0021_0019386,0.0
DR4_3_STRIPE82-0021_0019980,0.0
DR4_3_STRIPE82-0021_0020002,0.0
DR4_3_STRIPE82-0021_0020081,0.0
DR4_3_STRIPE82-0021_0020107,0.0
DR4_3_STRIPE82-0021_0020268,0.0
DR4_3_STRIPE82-0021_0021348,0.0
DR4_3_STRIPE82-0021_0021565,0.0
DR4_3_STRIPE82-0021_0021733,0.0
DR4_3_STRIPE82-0021_0021833,0.0
DR4_3_STRIPE82-0021_0021862,0.0
DR4_3_STRIPE82-0021_0022088,0.0
DR4_3_STRIPE82-0021_0022103,0.0
DR4_3_STRIPE82-0021_0022302,0.0
DR4_3_STRIPE82-0021_0022490,0.0
DR4_3_STRIPE82-0021_0022600,0.0
DR4_3_STRIPE82-0021_0023142,0.0
DR4_3_STRIPE82-0021_0023248,0.0
DR4_3_STRIPE82-0021_0023684,0.0
DR4_3_STRIPE82-0021_0023747,0.0
DR4_3_STRIPE82-0021_0023844,0.0
DR4_3_STRIPE82-0021_0024532,0.0
DR4_3_STRIPE82-0021_0024562,0.0
DR4_3_STRIPE82-0021_0024845,0.0
DR4_3_STRIPE82-0021_0025729,0.0
DR4_3_STRIPE82-0021_0026005,0.0
DR4_3_STRIPE82-0021_0026659,0.0
DR4_3_STRIPE82-0021_0027154,0.0
DR4_3_STRIPE82-0021_0027418,0.0
DR4_3_STRIPE82-0021_0028103,0.0
DR4_3_STRIPE82-0021_0028807,0.0
DR4_3_STRIPE82-0021_0028819,0.0
DR4_3_STRIPE82-0021_0028902,0.0
DR4_3_STRIPE82-0021_0028973,0.0
DR4_3_STRIPE82-0021_0029011,0.0
DR4_3_STRIPE82-0021_0030191,0.0
DR4_3_STRIPE82-0021_0030368,0.0
DR4_3_STRIPE82-0021_0030606,0.0
DR4_3_STRIPE82-0021_0030692,0.0
DR4_3_STRIPE82-0021_0031102,0.0
DR4_3_STRIPE82-0021_0032603,0.0
DR4_3_STRIPE82-0021_0032706,0.0
DR4_3_STRIPE82-0021_0032832,0.0
DR4_3_STRIPE82-0021_0033317,0.0
DR4_3_STRIPE82-0021_0033478,0.0
DR4_3_STRIPE82-0021_0033845,0.0
DR4_3_STRIPE82-0021_0034313,0.0
DR4_3_STRIPE82-0021_0035009,0.0
DR4_3_STRIPE82-0021_0035564,0.0
DR4_3_STRIPE82-0021_0035568,0.0
DR4_3_STRIPE82-0021_0035917,0.0
DR4_3_STRIPE82-0021_0037842,0.0
DR4_3_STRIPE82-0021_0038617,0.0
DR4_3_STRIPE82-0021_0038766,0.0
DR4_3_STRIPE82-0021_0039857,0.0
DR4_3_STRIPE82-0021_0040339,0.0
DR4_3_STRIPE82-0021_0040601,0.0
DR4_3_STRIPE82-0021_0040917,0.0
DR4_3_STRIPE82-0021_0041520,0.0
DR4_3_STRIPE82-0021_0041789,0.0
DR4_3_STRIPE82-0021_0042016,0.0
DR4_3_STRIPE82-0021_0042022,0.0
DR4_3_STRIPE82-0021_0042968,0.0
DR4_3_STRIPE82-0021_0043159,0.0
DR4_3_STRIPE82-0021_0043257,0.0
DR4_3_STRIPE82-0021_0043882,0.0
DR4_3_STRIPE82-0021_0044396,0.0
DR4_3_STRIPE82-0021_0044407,0.0
DR4_3_STRIPE82-0021_0044589,0.0
DR4_3_STRIPE82-0021_0045030,0.0
DR4_3_STRIPE82-0021_0045304,0.0
DR4_3_STRIPE82-0021_0045707,0.0
DR4_3_STRIPE82-0021_0046597,0.0
DR4_3_STRIPE82-0021_0046959,0.0
DR4_3_STRIPE82-0021_0047499,0.0
DR4_3_STRIPE82-0021_0047531,0.0
DR4_3_STRIPE82-0021_0047721,0.0
DR4_3_STRIPE82-0021_0048577,0.0
DR4_3_STRIPE82-0021_0048969,0.0
DR4_3_STRIPE82-0021_0049348,0.0
DR4_3_STRIPE82-0022_0001220,0.0
DR4_3_STRIPE82-0022_0001409,0.0
DR4_3_STRIPE82-0022_0002436,0.0
DR4_3_STRIPE82-0022_0002470,0.0
DR4_3_STRIPE82-0022_0002471,0.0
DR4_3_STRIPE82-0022_0002851,0.0
DR4_3_STRIPE82-0022_0003145,0.0
DR4_3_STRIPE82-0022_0004557,0.0
DR4_3_STRIPE82-0022_0005930,0.0
DR4_3_STRIPE82-0022_0006062,0.0
DR4_3_STRIPE82-0022_0006665,0.0
DR4_3_STRIPE82-0022_0007205,0.0
DR4_3_STRIPE82-0023_0013290,0.0
DR4_3_STRIPE82-0023_0018960,0.0
DR4_3_STRIPE82-0023_0036436,0.0
DR4_3_STRIPE82-0023_0037110,0.0
DR4_3_STRIPE82-0023_0038953,0.0
DR4_3_STRIPE82-0022_0002767,0.0
DR4_3_STRIPE82-0022_0002654,0.0
DR4_3_STRIPE82-0022_0003292,0.0
DR4_3_STRIPE82-0021_0019188,0.0
DR4_3_STRIPE82-0021_0008815,0.0
DR4_3_STRIPE82-0019_0020610,1.0
DR4_3_STRIPE82-0021_0006200,1.0
DR4_3_STRIPE82-0021_0011708,1.0
DR4_3_STRIPE82-0021_0012076,1.0
DR4_3_STRIPE82-0021_0016813,1.0
DR4_3_STRIPE82-0021_0043620,1.0
DR4_3_STRIPE82-0021_0043260,1.0
DR4_3_STRIPE82-0021_0041911,1.0
DR4_3_STRIPE82-0021_0042361,1.0
DR4_3_STRIPE82-0021_0042538,1.0
DR4_3_STRIPE82-0021_0018438,1.0
DR4_3_STRIPE82-0021_0020883,1.0
DR4_3_STRIPE82-0027_0036405,0.0
DR4_3_STRIPE82-0027_0040486,0.0
DR4_3_STRIPE82-0027_0040861,0.0
DR4_3_STRIPE82-0027_0041193,0.0
DR4_3_STRIPE82-0027_0043128,0.0
DR4_3_STRIPE82-0027_0044100,0.0
DR4_3_STRIPE82-0027_0044840,0.0
DR4_3_STRIPE82-0027_0045048,0.0
DR4_3_STRIPE82-0027_0045472,0.0
DR4_3_STRIPE82-0028_0001477,0.0
DR4_3_STRIPE82-0028_0001779,0.0
DR4_3_STRIPE82-0028_0001854,0.0
DR4_3_STRIPE82-0028_0002129,0.0
DR4_3_STRIPE82-0028_0002203,0.0
DR4_3_STRIPE82-0028_0002293,0.0
DR4_3_STRIPE82-0028_0002496,0.0
DR4_3_STRIPE82-0028_0002769,0.0
DR4_3_STRIPE82-0028_0003430,0.0
DR4_3_STRIPE82-0028_0003514,0.0
DR4_3_STRIPE82-0028_0003557,0.0
DR4_3_STRIPE82-0028_0004309,0.0
DR4_3_STRIPE82-0028_0004450,0.0
DR4_3_STRIPE82-0028_0004810,0.0
DR4_3_STRIPE82-0028_0004828,0.0
DR4_3_STRIPE82-0028_0004910,0.0
DR4_3_STRIPE82-0028_0005047,0.0
DR4_3_STRIPE82-0028_0005290,0.0
DR4_3_STRIPE82-0028_0005855,0.0
DR4_3_STRIPE82-0028_0005911,0.0
DR4_3_STRIPE82-0028_0005939,0.0
DR4_3_STRIPE82-0028_0006086,0.0
DR4_3_STRIPE82-0028_0006223,0.0
DR4_3_STRIPE82-0028_0006257,0.0
DR4_3_STRIPE82-0028_0006269,0.0
DR4_3_STRIPE82-0028_0006309,0.0
DR4_3_STRIPE82-0028_0006392,0.0
DR4_3_STRIPE82-0028_0006491,0.0
DR4_3_STRIPE82-0028_0006621,0.0
DR4_3_STRIPE82-0028_0007048,0.0
DR4_3_STRIPE82-0028_0007165,0.0
DR4_3_STRIPE82-0028_0007506,0.0
DR4_3_STRIPE82-0028_0007626,0.0
DR4_3_STRIPE82-0028_0007721,0.0
DR4_3_STRIPE82-0028_0007737,0.0
DR4_3_STRIPE82-0028_0008048,0.0
DR4_3_STRIPE82-0028_0008070,0.0
DR4_3_STRIPE82-0028_0008172,0.0
DR4_3_STRIPE82-0028_0008183,0.0
DR4_3_STRIPE82-0028_0008296,0.0
DR4_3_STRIPE82-0028_0008391,0.0
DR4_3_STRIPE82-0028_0008451,0.0
DR4_3_STRIPE82-0028_0008557,0.0
DR4_3_STRIPE82-0028_0008629,0.0
DR4_3_STRIPE82-0028_0008643,0.0
DR4_3_STRIPE82-0028_0008735,0.0
DR4_3_STRIPE82-0028_0009203,0.0
DR4_3_STRIPE82-0028_0009333,0.0
DR4_3_STRIPE82-0028_0010118,0.0
DR4_3_STRIPE82-0028_0010422,0.0
DR4_3_STRIPE82-0028_0010719,0.0
DR4_3_STRIPE82-0028_0010895,0.0
DR4_3_STRIPE82-0028_0010976,0.0
DR4_3_STRIPE82-0028_0011070,0.0
DR4_3_STRIPE82-0028_0011132,0.0
DR4_3_STRIPE82-0028_0011405,0.0
DR4_3_STRIPE82-0028_0011472,0.0
DR4_3_STRIPE82-0028_0011548,0.0
DR4_3_STRIPE82-0028_0011905,0.0
DR4_3_STRIPE82-0028_0012749,0.0
DR4_3_STRIPE82-0028_0012807,0.0
DR4_3_STRIPE82-0028_0013007,0.0
DR4_3_STRIPE82-0028_0013193,0.0
DR4_3_STRIPE82-0028_0013226,0.0
DR4_3_STRIPE82-0028_0013284,0.0
DR4_3_STRIPE82-0028_0013394,0.0
DR4_3_STRIPE82-0028_0013942,0.0
DR4_3_STRIPE82-0028_0013993,0.0
DR4_3_STRIPE82-0028_0014285,0.0
DR4_3_STRIPE82-0028_0014357,0.0
DR4_3_STRIPE82-0028_0014437,0.0
DR4_3_STRIPE82-0028_0014684,0.0
DR4_3_STRIPE82-0028_0014857,0.0
DR4_3_STRIPE82-0028_0014926,0.0
DR4_3_STRIPE82-0028_0015376,0.0
DR4_3_STRIPE82-0028_0015469,0.0
DR4_3_STRIPE82-0028_0015717,0.0
DR4_3_STRIPE82-0028_0016601,0.0
DR4_3_STRIPE82-0028_0016692,0.0
DR4_3_STRIPE82-0028_0017086,0.0
DR4_3_STRIPE82-0028_0018005,0.0
DR4_3_STRIPE82-0028_0018488,0.0
DR4_3_STRIPE82-0028_0018656,0.0
DR4_3_STRIPE82-0028_0018930,0.0
DR4_3_STRIPE82-0028_0019007,0.0
DR4_3_STRIPE82-0028_0019536,0.0
DR4_3_STRIPE82-0028_0019802,0.0
DR4_3_STRIPE82-0028_0019833,0.0
DR4_3_STRIPE82-0028_0019890,0.0
DR4_3_STRIPE82-0028_0024754,0.0
DR4_3_STRIPE82-0028_0025519,0.0
DR4_3_STRIPE82-0028_0026562,0.0
DR4_3_STRIPE82-0028_0027534,0.0
DR4_3_STRIPE82-0030_0002158,0.0
DR4_3_STRIPE82-0030_0005106,0.0
DR4_3_STRIPE82-0030_0019790,0.0
DR4_3_STRIPE82-0030_0020577,0.0
DR4_3_STRIPE82-0030_0023375,0.0
DR4_3_STRIPE82-0030_0028993,0.0
DR4_3_STRIPE82-0030_0029821,0.0
DR4_3_STRIPE82-0028_0007084,0.0
DR4_3_STRIPE82-0028_0006405,0.0
DR4_3_STRIPE82-0028_0006599,0.0
DR4_3_STRIPE82-0028_0006609,0.0
DR4_3_STRIPE82-0028_0005383,0.0
DR4_3_STRIPE82-0028_0004366,0.0
DR4_3_STRIPE82-0028_0004871,0.0
DR4_3_STRIPE82-0028_0005358,0.0
DR4_3_STRIPE82-0028_0009114,0.0
DR4_3_STRIPE82-0028_0009844,1.0
DR4_3_STRIPE82-0028_0010002,1.0
DR4_3_STRIPE82-0028_0010867,1.0
DR4_3_STRIPE82-0028_0021673,1.0
DR4_3_STRIPE82-0027_0042814,1.0
DR4_3_STRIPE82-0027_0043328,1.0
DR4_3_STRIPE82-0028_0006900,1.0
DR4_3_STRIPE82-0028_0007287,1.0
DR4_3_STRIPE82-0028_0009120,1.0
DR4_3_STRIPE82-0028_0009274,1.0
DR4_3_STRIPE82-0028_0007782,1.0
DR4_3_STRIPE82-0028_0009958,1.0
DR4_3_STRIPE82-0073_0018866,1.0
DR4_3_STRIPE82-0073_0030113,1.0
DR4_3_STRIPE82-0073_0014377,0.0
DR4_3_STRIPE82-0073_0014548,0.0
DR4_3_STRIPE82-0073_0014860,0.0
DR4_3_STRIPE82-0073_0018291,0.0
DR4_3_STRIPE82-0073_0018680,0.0
DR4_3_STRIPE82-0073_0020191,0.0
DR4_3_STRIPE82-0073_0020881,0.0
DR4_3_STRIPE82-0073_0021318,0.0
DR4_3_STRIPE82-0073_0021671,0.0
DR4_3_STRIPE82-0073_0021886,0.0
DR4_3_STRIPE82-0073_0022058,0.0
DR4_3_STRIPE82-0073_0022283,0.0
DR4_3_STRIPE82-0073_0022324,0.0
DR4_3_STRIPE82-0073_0022442,0.0
DR4_3_STRIPE82-0073_0022742,0.0
DR4_3_STRIPE82-0073_0022901,0.0
DR4_3_STRIPE82-0073_0023427,0.0
DR4_3_STRIPE82-0073_0023556,0.0
DR4_3_STRIPE82-0073_0023655,0.0
DR4_3_STRIPE82-0073_0023867,0.0
DR4_3_STRIPE82-0073_0024111,0.0
DR4_3_STRIPE82-0073_0024491,0.0
DR4_3_STRIPE82-0073_0024517,0.0
DR4_3_STRIPE82-0073_0024762,0.0
DR4_3_STRIPE82-0073_0025212,0.0
DR4_3_STRIPE82-0073_0025653,0.0
DR4_3_STRIPE82-0073_0026492,0.0
DR4_3_STRIPE82-0073_0027030,0.0
DR4_3_STRIPE82-0073_0027296,0.0
DR4_3_STRIPE82-0073_0027369,0.0
DR4_3_STRIPE82-0073_0027485,0.0
DR4_3_STRIPE82-0073_0027998,0.0
DR4_3_STRIPE82-0073_0028500,0.0
DR4_3_STRIPE82-0073_0029068,0.0
DR4_3_STRIPE82-0073_0029626,0.0
DR4_3_STRIPE82-0073_0029942,0.0
DR4_3_STRIPE82-0073_0031561,0.0
DR4_3_STRIPE82-0073_0032587,0.0
DR4_3_STRIPE82-0073_0035028,0.0
DR4_3_STRIPE82-0073_0035079,0.0
DR4_3_STRIPE82-0073_0038934,0.0
DR4_3_STRIPE82-0073_0039893,0.0
DR4_3_STRIPE82-0074_0000385,0.0
DR4_3_STRIPE82-0074_0002393,0.0
DR4_3_STRIPE82-0074_0003571,0.0
DR4_3_STRIPE82-0075_0016111,0.0
DR4_3_STRIPE82-0075_0021187,0.0
DR4_3_STRIPE82-0075_0023961,0.0
DR4_3_STRIPE82-0073_0016804,0.0
DR4_3_STRIPE82-0073_0016917,0.0
DR4_3_STRIPE82-0073_0019331,0.0
DR4_3_STRIPE82-0073_0025843,0.0
DR4_3_STRIPE82-0073_0009354,1.0
DR4_3_STRIPE82-0073_0012957,1.0
DR4_3_STRIPE82-0073_0020817,1.0
DR4_3_STRIPE82-0073_0022256,1.0
DR4_3_STRIPE82-0073_0028037,1.0
DR4_3_STRIPE82-0073_0030470,1.0
DR4_3_STRIPE82-0011_0032853,1.0
DR4_3_STRIPE82-0011_0023038,0.0
DR4_3_STRIPE82-0011_0026068,0.0
DR4_3_STRIPE82-0011_0026293,0.0
DR4_3_STRIPE82-0011_0027540,0.0
DR4_3_STRIPE82-0011_0027550,0.0
DR4_3_STRIPE82-0011_0028203,0.0
DR4_3_STRIPE82-0011_0028831,0.0
DR4_3_STRIPE82-0011_0029161,0.0
DR4_3_STRIPE82-0011_0030166,0.0
DR4_3_STRIPE82-0011_0032529,0.0
DR4_3_STRIPE82-0011_0032563,0.0
DR4_3_STRIPE82-0011_0032911,0.0
DR4_3_STRIPE82-0011_0033911,0.0
DR4_3_STRIPE82-0011_0034405,0.0
DR4_3_STRIPE82-0011_0034839,0.0
DR4_3_STRIPE82-0011_0034947,0.0
DR4_3_STRIPE82-0011_0035493,0.0
DR4_3_STRIPE82-0011_0035558,0.0
DR4_3_STRIPE82-0011_0035584,0.0
DR4_3_STRIPE82-0011_0035791,0.0
DR4_3_STRIPE82-0011_0035989,0.0
DR4_3_STRIPE82-0011_0036246,0.0
DR4_3_STRIPE82-0011_0036908,0.0
DR4_3_STRIPE82-0011_0037147,0.0
DR4_3_STRIPE82-0011_0037436,0.0
DR4_3_STRIPE82-0011_0037796,0.0
DR4_3_STRIPE82-0011_0037865,0.0
DR4_3_STRIPE82-0011_0038069,0.0
DR4_3_STRIPE82-0011_0038149,0.0
DR4_3_STRIPE82-0011_0038612,0.0
DR4_3_STRIPE82-0011_0038668,0.0
DR4_3_STRIPE82-0011_0038879,0.0
DR4_3_STRIPE82-0011_0039031,0.0
DR4_3_STRIPE82-0011_0039583,0.0
DR4_3_STRIPE82-0011_0041693,0.0
DR4_3_STRIPE82-0011_0042406,0.0
DR4_3_STRIPE82-0011_0042507,0.0
DR4_3_STRIPE82-0011_0042674,0.0
DR4_3_STRIPE82-0011_0043110,0.0
DR4_3_STRIPE82-0011_0043507,0.0
DR4_3_STRIPE82-0012_0001608,0.0
DR4_3_STRIPE82-0012_0002188,0.0
DR4_3_STRIPE82-0012_0004462,0.0
DR4_3_STRIPE82-0012_0005184,0.0
DR4_3_STRIPE82-0012_0005819,0.0
DR4_3_STRIPE82-0011_0036875,0.0
DR4_3_STRIPE82-0011_0038127,0.0
DR4_3_STRIPE82-0011_0038139,0.0
DR4_3_STRIPE82-0011_0034690,0.0
DR4_3_STRIPE82-0011_0036099,0.0
DR4_3_STRIPE82-0011_0036512,0.0
DR4_3_STRIPE82-0011_0032828,1.0
DR4_3_STRIPE82-0011_0032939,1.0
DR4_3_STRIPE82-0011_0039569,1.0
DR4_3_STRIPE82-0011_0041010,1.0
DR4_3_STRIPE82-0011_0041220,1.0
DR4_3_STRIPE82-0012_0000952,1.0
DR4_3_STRIPE82-0012_0005952,1.0
DR4_3_STRIPE82-0059_0020843,0.0
DR4_3_STRIPE82-0059_0028761,0.0
DR4_3_STRIPE82-0059_0022956,0.0
DR4_3_STRIPE82-0059_0029820,0.0
DR4_3_STRIPE82-0059_0030506,0.0
DR4_3_STRIPE82-0059_0030550,0.0
DR4_3_STRIPE82-0059_0030932,0.0
DR4_3_STRIPE82-0059_0031019,0.0
DR4_3_STRIPE82-0059_0031320,0.0
DR4_3_STRIPE82-0059_0032578,0.0
DR4_3_STRIPE82-0059_0033774,0.0
DR4_3_STRIPE82-0059_0035744,0.0
DR4_3_STRIPE82-0059_0040040,0.0
DR4_3_STRIPE82-0059_0040788,0.0
DR4_3_STRIPE82-0059_0042882,0.0
DR4_3_STRIPE82-0061_0025508,0.0
DR4_3_STRIPE82-0061_0025616,0.0
DR4_3_STRIPE82-0061_0032933,0.0
DR4_3_STRIPE82-0061_0035238,0.0
DR4_3_STRIPE82-0061_0035239,0.0
DR4_3_STRIPE82-0061_0038289,0.0
DR4_3_STRIPE82-0061_0041569,0.0
DR4_3_STRIPE82-0061_0049707,0.0
DR4_3_STRIPE82-0059_0032436,0.0
DR4_3_STRIPE82-0059_0032851,0.0
DR4_3_STRIPE82-0059_0027875,0.0
DR4_3_STRIPE82-0059_0021512,1.0
DR4_3_STRIPE82-0059_0026491,1.0
DR4_3_STRIPE82-0059_0034489,1.0
DR4_3_STRIPE82-0061_0045269,1.0
DR4_3_STRIPE82-0059_0034858,1.0
DR4_3_STRIPE82-0059_0028963,1.0
DR4_3_STRIPE82-0059_0029151,1.0
DR4_3_STRIPE82-0023_0011755,0.0
DR4_3_STRIPE82-0023_0012493,0.0
DR4_3_STRIPE82-0023_0013502,0.0
DR4_3_STRIPE82-0023_0013541,0.0
DR4_3_STRIPE82-0023_0016101,0.0
DR4_3_STRIPE82-0023_0016573,0.0
DR4_3_STRIPE82-0023_0016865,0.0
DR4_3_STRIPE82-0025_0012607,0.0
DR4_3_STRIPE82-0025_0014889,0.0
DR4_3_STRIPE82-0025_0015898,0.0
DR4_3_STRIPE82-0025_0017413,0.0
DR4_3_STRIPE82-0025_0017414,0.0
DR4_3_STRIPE82-0025_0017557,0.0
DR4_3_STRIPE82-0025_0018096,0.0
DR4_3_STRIPE82-0025_0019109,0.0
DR4_3_STRIPE82-0025_0020368,0.0
DR4_3_STRIPE82-0025_0020492,0.0
DR4_3_STRIPE82-0025_0020996,0.0
DR4_3_STRIPE82-0025_0021384,0.0
DR4_3_STRIPE82-0025_0022155,0.0
DR4_3_STRIPE82-0025_0022673,0.0
DR4_3_STRIPE82-0025_0026705,0.0
DR4_3_STRIPE82-0025_0027087,0.0
DR4_3_STRIPE82-0023_0016111,0.0
DR4_3_STRIPE82-0023_0016610,0.0
DR4_3_STRIPE82-0025_0021581,0.0
DR4_3_STRIPE82-0025_0021810,0.0
DR4_3_STRIPE82-0023_0011709,1.0
DR4_3_STRIPE82-0023_0015396,1.0
DR4_3_STRIPE82-0023_0015478,1.0
DR4_3_STRIPE82-0025_0015832,1.0
DR4_3_STRIPE82-0025_0017350,1.0
DR4_3_STRIPE82-0025_0019858,1.0
DR4_3_STRIPE82-0023_0016353,1.0
DR4_3_STRIPE82-0025_0023577,1.0
DR4_3_STRIPE82-0009_0036071,1.0
DR4_3_STRIPE82-0009_0038904,1.0
DR4_3_STRIPE82-0009_0008381,0.0
DR4_3_STRIPE82-0009_0011625,0.0
DR4_3_STRIPE82-0009_0013238,0.0
DR4_3_STRIPE82-0009_0013723,0.0
DR4_3_STRIPE82-0009_0014387,0.0
DR4_3_STRIPE82-0009_0015090,0.0
DR4_3_STRIPE82-0009_0015338,0.0
DR4_3_STRIPE82-0009_0015371,0.0
DR4_3_STRIPE82-0009_0015850,0.0
DR4_3_STRIPE82-0009_0015870,0.0
DR4_3_STRIPE82-0009_0016262,0.0
DR4_3_STRIPE82-0009_0016455,0.0
DR4_3_STRIPE82-0009_0016517,0.0
DR4_3_STRIPE82-0009_0016644,0.0
DR4_3_STRIPE82-0009_0017362,0.0
DR4_3_STRIPE82-0009_0017499,0.0
DR4_3_STRIPE82-0009_0020922,0.0
DR4_3_STRIPE82-0009_0021857,0.0
DR4_3_STRIPE82-0009_0022094,0.0
DR4_3_STRIPE82-0009_0023270,0.0
DR4_3_STRIPE82-0009_0023804,0.0
DR4_3_STRIPE82-0009_0023905,0.0
DR4_3_STRIPE82-0009_0024243,0.0
DR4_3_STRIPE82-0009_0024586,0.0
DR4_3_STRIPE82-0009_0026015,0.0
DR4_3_STRIPE82-0009_0028077,0.0
DR4_3_STRIPE82-0009_0029085,0.0
DR4_3_STRIPE82-0009_0040578,0.0
DR4_3_STRIPE82-0009_0025170,1.0
DR4_3_STRIPE82-0009_0024426,1.0
DR4_3_STRIPE82-0009_0025757,1.0
DR4_3_STRIPE82-0009_0037583,1.0
DR4_3_STRIPE82-0029_0006919,0.0
DR4_3_STRIPE82-0029_0007365,0.0
DR4_3_STRIPE82-0029_0008640,0.0
DR4_3_STRIPE82-0029_0009882,0.0
DR4_3_STRIPE82-0029_0010273,0.0
DR4_3_STRIPE82-0029_0011945,0.0
DR4_3_STRIPE82-0029_0012201,0.0
DR4_3_STRIPE82-0029_0012234,0.0
DR4_3_STRIPE82-0029_0012540,0.0
DR4_3_STRIPE82-0029_0013223,0.0
DR4_3_STRIPE82-0029_0013794,0.0
DR4_3_STRIPE82-0029_0014539,0.0
DR4_3_STRIPE82-0029_0015051,0.0
DR4_3_STRIPE82-0029_0015052,0.0
DR4_3_STRIPE82-0029_0015142,0.0
DR4_3_STRIPE82-0029_0015448,0.0
DR4_3_STRIPE82-0029_0015493,0.0
DR4_3_STRIPE82-0029_0016245,0.0
DR4_3_STRIPE82-0029_0016426,0.0
DR4_3_STRIPE82-0029_0016478,0.0
DR4_3_STRIPE82-0029_0016575,0.0
DR4_3_STRIPE82-0029_0016735,0.0
DR4_3_STRIPE82-0029_0017420,0.0
DR4_3_STRIPE82-0029_0017891,0.0
DR4_3_STRIPE82-0029_0019048,0.0
DR4_3_STRIPE82-0029_0019355,0.0
DR4_3_STRIPE82-0029_0020153,0.0
DR4_3_STRIPE82-0029_0025813,0.0
DR4_3_STRIPE82-0029_0026203,0.0
DR4_3_STRIPE82-0029_0028909,0.0
DR4_3_STRIPE82-0029_0016390,0.0
DR4_3_STRIPE82-0029_0027605,1.0
DR4_3_STRIPE82-0029_0017103,1.0
DR4_3_STRIPE82-0029_0017522,1.0
DR4_3_STRIPE82-0143_0013681,0.0
DR4_3_STRIPE82-0143_0009147,0.0
DR4_3_STRIPE82-0143_0013216,0.0
DR4_3_STRIPE82-0143_0014473,0.0
DR4_3_STRIPE82-0143_0016071,0.0
DR4_3_STRIPE82-0143_0017704,0.0
DR4_3_STRIPE82-0143_0017780,0.0
DR4_3_STRIPE82-0143_0018996,0.0
DR4_3_STRIPE82-0143_0020889,0.0
DR4_3_STRIPE82-0143_0022501,0.0
DR4_3_STRIPE82-0143_0022858,0.0
DR4_3_STRIPE82-0143_0010610,0.0
DR4_3_STRIPE82-0143_0003002,1.0
DR4_3_STRIPE82-0119_0058188,0.0
DR4_3_STRIPE82-0119_0060491,0.0
DR4_3_STRIPE82-0119_0062225,0.0
DR4_3_STRIPE82-0119_0062596,0.0
DR4_3_STRIPE82-0119_0063862,0.0
DR4_3_STRIPE82-0119_0065032,0.0
DR4_3_STRIPE82-0119_0066410,0.0
DR4_3_STRIPE82-0119_0068166,0.0
DR4_3_STRIPE82-0119_0070544,0.0
DR4_3_STRIPE82-0119_0072110,0.0
DR4_3_STRIPE82-0119_0072768,0.0
DR4_3_STRIPE82-0120_0000558,0.0
DR4_3_STRIPE82-0119_0060644,0.0
DR4_3_STRIPE82-0119_0069083,0.0
DR4_3_STRIPE82-0119_0061056,0.0
DR4_3_STRIPE82-0119_0062248,0.0
DR4_3_STRIPE82-0119_0062442,0.0
DR4_3_STRIPE82-0119_0066291,0.0
DR4_3_STRIPE82-0119_0066390,0.0
DR4_3_STRIPE82-0119_0060145,0.0
DR4_3_STRIPE82-0119_0058255,1.0
DR4_3_STRIPE82-0119_0060539,1.0
DR4_3_STRIPE82-0119_0066099,1.0
DR4_3_STRIPE82-0119_0068981,1.0
DR4_3_STRIPE82-0119_0072105,1.0
DR4_3_STRIPE82-0119_0071559,1.0
DR4_3_STRIPE82-0119_0066360,1.0
DR4_3_STRIPE82-0035_0015875,0.0
DR4_3_STRIPE82-0035_0016423,0.0
DR4_3_STRIPE82-0035_0017044,0.0
DR4_3_STRIPE82-0035_0017160,0.0
DR4_3_STRIPE82-0035_0018224,0.0
DR4_3_STRIPE82-0035_0018928,0.0
DR4_3_STRIPE82-0035_0019075,0.0
DR4_3_STRIPE82-0035_0019208,0.0
DR4_3_STRIPE82-0035_0019257,0.0
DR4_3_STRIPE82-0035_0019263,0.0
DR4_3_STRIPE82-0035_0019574,0.0
DR4_3_STRIPE82-0035_0019899,0.0
DR4_3_STRIPE82-0035_0020528,0.0
DR4_3_STRIPE82-0035_0020661,0.0
DR4_3_STRIPE82-0035_0020863,0.0
DR4_3_STRIPE82-0035_0020866,0.0
DR4_3_STRIPE82-0035_0021028,0.0
DR4_3_STRIPE82-0035_0021273,0.0
DR4_3_STRIPE82-0035_0021654,0.0
DR4_3_STRIPE82-0035_0021933,0.0
DR4_3_STRIPE82-0035_0021962,0.0
DR4_3_STRIPE82-0035_0022000,0.0
DR4_3_STRIPE82-0035_0022287,0.0
DR4_3_STRIPE82-0035_0029908,0.0
DR4_3_STRIPE82-0035_0028991,0.0
DR4_3_STRIPE82-0035_0029539,0.0
DR4_3_STRIPE82-0035_0029617,0.0
DR4_3_STRIPE82-0035_0017370,1.0
DR4_3_STRIPE82-0035_0017429,1.0
DR4_3_STRIPE82-0035_0018577,0.0
DR4_3_STRIPE82-0035_0019784,0.0
DR4_3_STRIPE82-0035_0020278,0.0
DR4_3_STRIPE82-0035_0023469,0.0
DR4_3_STRIPE82-0035_0023936,0.0
DR4_3_STRIPE82-0035_0024291,0.0
DR4_3_STRIPE82-0035_0024613,0.0
DR4_3_STRIPE82-0035_0024729,0.0
DR4_3_STRIPE82-0035_0025099,0.0
DR4_3_STRIPE82-0035_0025475,0.0
DR4_3_STRIPE82-0035_0026762,0.0
DR4_3_STRIPE82-0035_0026841,0.0
DR4_3_STRIPE82-0035_0026926,0.0
DR4_3_STRIPE82-0035_0027370,0.0
DR4_3_STRIPE82-0035_0027812,0.0
DR4_3_STRIPE82-0035_0027871,0.0
DR4_3_STRIPE82-0035_0028418,0.0
DR4_3_STRIPE82-0035_0028981,0.0
DR4_3_STRIPE82-0035_0029615,0.0
DR4_3_STRIPE82-0035_0032566,0.0
DR4_3_STRIPE82-0035_0033475,0.0
DR4_3_STRIPE82-0035_0034687,0.0
DR4_3_STRIPE82-0035_0035863,0.0
DR4_3_STRIPE82-0035_0027295,0.0
DR4_3_STRIPE82-0035_0027569,0.0
DR4_3_STRIPE82-0035_0027304,1.0
DR4_3_STRIPE82-0035_0027641,1.0
DR4_3_STRIPE82-0022_0014764,1.0
DR4_3_STRIPE82-0022_0011149,0.0
DR4_3_STRIPE82-0022_0011190,0.0
DR4_3_STRIPE82-0022_0013175,0.0
DR4_3_STRIPE82-0022_0014127,0.0
DR4_3_STRIPE82-0022_0014275,0.0
DR4_3_STRIPE82-0022_0014321,0.0
DR4_3_STRIPE82-0022_0014457,0.0
DR4_3_STRIPE82-0022_0014931,0.0
DR4_3_STRIPE82-0022_0015341,0.0
DR4_3_STRIPE82-0022_0015360,0.0
DR4_3_STRIPE82-0022_0015720,0.0
DR4_3_STRIPE82-0022_0015938,0.0
DR4_3_STRIPE82-0022_0016314,0.0
DR4_3_STRIPE82-0022_0016496,0.0
DR4_3_STRIPE82-0022_0016634,0.0
DR4_3_STRIPE82-0022_0016731,0.0
DR4_3_STRIPE82-0022_0016955,0.0
DR4_3_STRIPE82-0022_0016971,0.0
DR4_3_STRIPE82-0022_0022872,0.0
DR4_3_STRIPE82-0022_0028437,0.0
DR4_3_STRIPE82-0022_0029682,0.0
DR4_3_STRIPE82-0022_0016159,0.0
DR4_3_STRIPE82-0022_0016223,0.0
DR4_3_STRIPE82-0022_0016280,0.0
DR4_3_STRIPE82-0022_0015210,0.0
DR4_3_STRIPE82-0118_0037076,1.0
DR4_3_STRIPE82-0118_0037470,1.0
DR4_3_STRIPE82-0118_0037755,1.0
DR4_3_STRIPE82-0118_0028522,0.0
DR4_3_STRIPE82-0118_0033035,0.0
DR4_3_STRIPE82-0118_0033632,0.0
DR4_3_STRIPE82-0118_0033744,0.0
DR4_3_STRIPE82-0118_0035031,0.0
DR4_3_STRIPE82-0118_0035837,0.0
DR4_3_STRIPE82-0118_0035890,0.0
DR4_3_STRIPE82-0118_0036763,0.0
DR4_3_STRIPE82-0118_0037133,0.0
DR4_3_STRIPE82-0118_0037877,0.0
DR4_3_STRIPE82-0118_0038316,0.0
DR4_3_STRIPE82-0118_0039051,0.0
DR4_3_STRIPE82-0118_0040026,0.0
DR4_3_STRIPE82-0118_0040106,0.0
DR4_3_STRIPE82-0118_0040416,0.0
DR4_3_STRIPE82-0118_0041096,0.0
DR4_3_STRIPE82-0118_0041372,0.0
DR4_3_STRIPE82-0118_0042325,0.0
DR4_3_STRIPE82-0118_0042792,0.0
DR4_3_STRIPE82-0118_0043005,0.0
DR4_3_STRIPE82-0118_0037172,0.0
DR4_3_STRIPE82-0144_0012818,0.0
DR4_3_STRIPE82-0144_0013280,0.0
DR4_3_STRIPE82-0144_0013569,0.0
DR4_3_STRIPE82-0144_0011410,0.0
DR4_3_STRIPE82-0144_0011818,0.0
DR4_3_STRIPE82-0144_0013947,0.0
DR4_3_STRIPE82-0144_0014171,0.0
DR4_3_STRIPE82-0144_0014186,0.0
DR4_3_STRIPE82-0144_0015471,0.0
DR4_3_STRIPE82-0144_0015571,0.0
DR4_3_STRIPE82-0144_0016080,0.0
DR4_3_STRIPE82-0144_0016501,0.0
DR4_3_STRIPE82-0144_0017757,0.0
DR4_3_STRIPE82-0146_0007786,0.0
DR4_3_STRIPE82-0146_0011687,0.0
DR4_3_STRIPE82-0146_0012541,0.0
DR4_3_STRIPE82-0146_0014631,0.0
DR4_3_STRIPE82-0146_0007816,0.0
DR4_3_STRIPE82-0144_0010697,1.0
DR4_3_STRIPE82-0144_0009592,1.0
DR4_3_STRIPE82-0144_0009992,1.0
DR4_3_STRIPE82-0069_0046912,1.0
DR4_3_STRIPE82-0069_0050714,1.0
DR4_3_STRIPE82-0069_0036367,0.0
DR4_3_STRIPE82-0069_0037488,0.0
DR4_3_STRIPE82-0069_0038003,0.0
DR4_3_STRIPE82-0069_0038195,0.0
DR4_3_STRIPE82-0069_0042041,0.0
DR4_3_STRIPE82-0069_0043254,0.0
DR4_3_STRIPE82-0069_0045142,0.0
DR4_3_STRIPE82-0069_0045560,0.0
DR4_3_STRIPE82-0069_0046879,0.0
DR4_3_STRIPE82-0069_0049828,0.0
DR4_3_STRIPE82-0070_0002234,0.0
DR4_3_STRIPE82-0070_0003252,0.0
DR4_3_STRIPE82-0070_0003817,0.0
DR4_3_STRIPE82-0070_0004736,0.0
DR4_3_STRIPE82-0070_0005824,0.0
DR4_3_STRIPE82-0070_0007409,0.0
DR4_3_STRIPE82-0069_0045211,0.0
DR4_3_STRIPE82-0069_0038669,1.0
DR4_3_STRIPE82-0070_0000297,1.0
DR4_3_STRIPE82-0070_0000761,1.0
DR4_3_STRIPE82-0023_0041201,1.0
DR4_3_STRIPE82-0023_0044512,1.0
DR4_3_STRIPE82-0023_0029265,1.0
DR4_3_STRIPE82-0023_0040652,1.0
DR4_3_STRIPE82-0023_0028429,0.0
DR4_3_STRIPE82-0023_0030775,0.0
DR4_3_STRIPE82-0023_0033839,0.0
DR4_3_STRIPE82-0023_0038548,0.0
DR4_3_STRIPE82-0023_0039213,0.0
DR4_3_STRIPE82-0023_0039999,0.0
DR4_3_STRIPE82-0023_0041278,0.0
DR4_3_STRIPE82-0023_0041929,0.0
DR4_3_STRIPE82-0023_0042927,0.0
DR4_3_STRIPE82-0023_0043894,0.0
DR4_3_STRIPE82-0023_0044721,0.0
DR4_3_STRIPE82-0023_0028491,0.0
DR4_3_STRIPE82-0023_0029709,0.0
DR4_3_STRIPE82-0023_0030992,0.0
DR4_3_STRIPE82-0068_0014999,1.0
DR4_3_STRIPE82-0068_0015800,1.0
DR4_3_STRIPE82-0068_0016014,1.0
DR4_3_STRIPE82-0066_0009460,0.0
DR4_3_STRIPE82-0066_0012243,0.0
DR4_3_STRIPE82-0066_0014335,0.0
DR4_3_STRIPE82-0066_0017854,0.0
DR4_3_STRIPE82-0066_0017981,0.0
DR4_3_STRIPE82-0068_0013444,0.0
DR4_3_STRIPE82-0068_0018564,0.0
DR4_3_STRIPE82-0068_0019449,0.0
DR4_3_STRIPE82-0068_0020107,0.0
DR4_3_STRIPE82-0066_0013182,1.0
DR4_3_STRIPE82-0066_0023564,1.0
DR4_3_STRIPE82-0068_0012230,1.0
DR4_3_STRIPE82-0068_0012774,1.0
DR4_3_STRIPE82-0068_0013836,1.0
DR4_3_STRIPE82-0068_0013381,1.0
DR4_3_STRIPE82-0068_0015351,1.0
DR4_3_STRIPE82-0053_0005062,0.0
DR4_3_STRIPE82-0053_0005541,0.0
DR4_3_STRIPE82-0053_0005958,0.0
DR4_3_STRIPE82-0053_0006685,0.0
DR4_3_STRIPE82-0053_0006733,0.0
DR4_3_STRIPE82-0053_0007201,0.0
DR4_3_STRIPE82-0053_0007535,0.0
DR4_3_STRIPE82-0053_0007608,0.0
DR4_3_STRIPE82-0053_0008413,0.0
DR4_3_STRIPE82-0053_0008429,0.0
DR4_3_STRIPE82-0053_0008776,0.0
DR4_3_STRIPE82-0053_0009846,0.0
DR4_3_STRIPE82-0053_0009953,0.0
DR4_3_STRIPE82-0053_0010057,0.0
DR4_3_STRIPE82-0053_0010211,0.0
DR4_3_STRIPE82-0053_0011861,0.0
DR4_3_STRIPE82-0053_0007887,0.0
DR4_3_STRIPE82-0053_0008237,0.0
DR4_3_STRIPE82-0053_0008747,0.0
DR4_3_STRIPE82-0002_0023829,1.0
DR4_3_STRIPE82-0002_0025121,1.0
DR4_3_STRIPE82-0002_0015378,0.0
DR4_3_STRIPE82-0002_0018956,0.0
DR4_3_STRIPE82-0002_0019060,0.0
DR4_3_STRIPE82-0002_0021795,0.0
DR4_3_STRIPE82-0002_0022393,0.0
DR4_3_STRIPE82-0002_0022824,0.0
DR4_3_STRIPE82-0002_0022848,0.0
DR4_3_STRIPE82-0002_0023820,0.0
DR4_3_STRIPE82-0002_0024796,0.0
DR4_3_STRIPE82-0002_0024989,0.0
DR4_3_STRIPE82-0002_0027238,0.0
DR4_3_STRIPE82-0002_0027677,0.0
DR4_3_STRIPE82-0002_0029302,0.0
DR4_3_STRIPE82-0002_0024061,0.0
DR4_3_STRIPE82-0002_0024260,0.0
DR4_3_STRIPE82-0002_0024243,0.0
DR4_3_STRIPE82-0041_0022562,1.0
DR4_3_STRIPE82-0002_0001343,0.0
DR4_3_STRIPE82-0002_0002779,0.0
DR4_3_STRIPE82-0003_0025317,0.0
DR4_3_STRIPE82-0003_0025896,0.0
DR4_3_STRIPE82-0004_0020059,0.0
DR4_3_STRIPE82-0007_0030433,0.0
DR4_3_STRIPE82-0010_0019959,0.0
DR4_3_STRIPE82-0010_0020563,0.0
DR4_3_STRIPE82-0017_0043860,0.0
DR4_3_STRIPE82-0020_0033646,0.0
DR4_3_STRIPE82-0024_0004176,0.0
DR4_3_STRIPE82-0025_0044140,0.0
DR4_3_STRIPE82-0026_0008851,0.0
DR4_3_STRIPE82-0026_0014065,0.0
DR4_3_STRIPE82-0026_0017947,0.0
DR4_3_STRIPE82-0028_0012797,0.0
DR4_3_STRIPE82-0028_0026138,0.0
DR4_3_STRIPE82-0031_0030102,0.0
DR4_3_STRIPE82-0033_0028545,0.0
DR4_3_STRIPE82-0036_0006069,0.0
DR4_3_STRIPE82-0036_0006685,0.0
DR4_3_STRIPE82-0036_0007804,0.0
DR4_3_STRIPE82-0040_0008126,0.0
DR4_3_STRIPE82-0040_0008350,0.0
DR4_3_STRIPE82-0041_0022483,0.0
DR4_3_STRIPE82-0041_0030573,0.0
DR4_3_STRIPE82-0042_0004553,0.0
DR4_3_STRIPE82-0042_0010453,0.0
DR4_3_STRIPE82-0042_0031981,0.0
DR4_3_STRIPE82-0046_0002324,0.0
DR4_3_STRIPE82-0048_0011218,0.0
DR4_3_STRIPE82-0048_0020118,0.0
DR4_3_STRIPE82-0055_0033304,0.0
DR4_3_STRIPE82-0061_0022397,0.0
DR4_3_STRIPE82-0061_0023952,0.0
DR4_3_STRIPE82-0066_0020740,0.0
DR4_3_STRIPE82-0067_0012961,0.0
DR4_3_STRIPE82-0067_0016750,0.0
DR4_3_STRIPE82-0067_0043115,0.0
DR4_3_STRIPE82-0075_0021644,0.0
DR4_3_STRIPE82-0075_0022545,0.0
DR4_3_STRIPE82-0102_0042578,0.0
DR4_3_STRIPE82-0103_0013070,0.0
DR4_3_STRIPE82-0106_0043990,0.0
DR4_3_STRIPE82-0106_0047949,0.0
DR4_3_STRIPE82-0119_0058654,0.0
DR4_3_STRIPE82-0122_0039202,0.0
DR4_3_STRIPE82-0140_0022663,0.0
DR4_3_STRIPE82-0140_0024156,0.0
DR4_3_STRIPE82-0141_0040662,0.0
DR4_3_STRIPE82-0003_0027255,0.0
DR4_3_STRIPE82-0007_0026718,0.0
DR4_3_STRIPE82-0024_0003429,0.0
DR4_3_STRIPE82-0040_0009934,0.0
DR4_3_STRIPE82-0042_0031825,0.0
DR4_3_STRIPE82-0048_0015134,0.0
DR4_3_STRIPE82-0067_0027258,0.0
DR4_3_STRIPE82-0075_0023874,0.0
DR4_3_STRIPE82-0106_0043792,0.0
DR4_3_STRIPE82-0119_0065519,0.0
DR4_3_STRIPE82-0033_0027083,0.0
DR4_3_STRIPE82-0033_0027180,0.0
DR4_3_STRIPE82-0141_0041177,0.0
DR4_3_STRIPE82-0141_0041913,0.0
DR4_3_STRIPE82-0141_0042943,0.0
DR4_3_STRIPE82-0026_0013029,0.0
DR4_3_STRIPE82-0119_0064178,0.0
DR4_3_STRIPE82-0119_0064658,0.0
DR4_3_STRIPE82-0103_0010091,0.0
DR4_3_STRIPE82-0103_0011714,0.0
DR4_3_STRIPE82-0120_0020904,0.0
DR4_3_STRIPE82-0120_0020920,0.0
DR4_3_STRIPE82-0120_0020942,0.0
DR4_3_STRIPE82-0143_0017810,0.0
DR4_3_STRIPE82-0143_0018830,0.0
DR4_3_STRIPE82-0055_0029316,0.0
DR4_3_STRIPE82-0055_0029731,0.0
DR4_3_STRIPE82-0055_0032648,0.0
DR4_3_STRIPE82-0025_0034051,0.0
DR4_3_STRIPE82-0025_0034389,0.0
DR4_3_STRIPE82-0025_0034610,0.0
DR4_3_STRIPE82-0045_0043404,0.0
DR4_3_STRIPE82-0045_0044148,0.0
DR4_3_STRIPE82-0045_0046619,0.0
DR4_3_STRIPE82-0002_0003043,0.0
DR4_3_STRIPE82-0002_0003048,0.0
DR4_3_STRIPE82-0002_0003144,0.0
DR4_3_STRIPE82-0026_0015824,0.0
DR4_3_STRIPE82-0026_0016355,0.0
DR4_3_STRIPE82-0026_0016559,0.0
DR4_3_STRIPE82-0026_0016568,0.0
DR4_3_STRIPE82-0028_0012646,0.0
DR4_3_STRIPE82-0028_0012692,0.0
DR4_3_STRIPE82-0028_0012718,0.0
DR4_3_STRIPE82-0041_0023823,0.0
DR4_3_STRIPE82-0003_0027190,0.0
DR4_3_STRIPE82-0003_0027746,0.0
DR4_3_STRIPE82-0041_0024671,0.0
DR4_3_STRIPE82-0075_0024352,0.0
DR4_3_STRIPE82-0028_0026573,0.0
DR4_3_STRIPE82-0028_0026621,0.0
DR4_3_STRIPE82-0028_0026723,0.0
DR4_3_STRIPE82-0075_0024261,0.0
DR4_3_STRIPE82-0042_0031826,0.0
DR4_3_STRIPE82-0042_0031936,0.0
DR4_3_STRIPE82-0075_0019103,0.0
DR4_3_STRIPE82-0075_0019763,0.0
DR4_3_STRIPE82-0007_0026140,0.0
DR4_3_STRIPE82-0007_0027125,0.0
DR4_3_STRIPE82-0061_0032203,0.0
DR4_3_STRIPE82-0061_0033009,0.0
DR4_3_STRIPE82-0031_0040934,0.0
DR4_3_STRIPE82-0031_0041933,0.0
DR4_3_STRIPE82-0031_0042134,0.0
DR4_3_STRIPE82-0036_0007115,0.0
DR4_3_STRIPE82-0036_0007217,0.0
DR4_3_STRIPE82-0140_0023430,0.0
DR4_3_STRIPE82-0075_0019678,0.0
DR4_3_STRIPE82-0017_0040467,0.0
DR4_3_STRIPE82-0017_0043418,0.0
DR4_3_STRIPE82-0017_0043510,0.0
DR4_3_STRIPE82-0140_0021692,0.0
DR4_3_STRIPE82-0140_0023318,0.0
DR4_3_STRIPE82-0106_0043814,0.0
DR4_3_STRIPE82-0110_0048262,0.0
DR4_3_STRIPE82-0110_0048354,0.0
DR4_3_STRIPE82-0110_0048954,0.0
DR4_3_STRIPE82-0020_0044208,0.0
DR4_3_STRIPE82-0020_0044584,0.0
DR4_3_STRIPE82-0020_0044876,0.0
DR4_3_STRIPE82-0001_0006417,0.0
DR4_3_STRIPE82-0001_0007728,0.0
DR4_3_STRIPE82-0001_0007918,0.0
DR4_3_STRIPE82-0001_0008235,0.0
DR4_3_STRIPE82-0067_0010184,0.0
DR4_3_STRIPE82-0067_0011186,0.0
DR4_3_STRIPE82-0048_0015024,0.0
DR4_3_STRIPE82-0048_0020760,0.0
DR4_3_STRIPE82-0122_0043862,0.0
DR4_3_STRIPE82-0122_0044181,0.0
DR4_3_STRIPE82-0122_0053974,0.0
DR4_3_STRIPE82-0024_0002020,0.0
DR4_3_STRIPE82-0024_0002837,0.0
DR4_3_STRIPE82-0067_0010281,0.0
DR4_3_STRIPE82-0102_0049612,0.0
DR4_3_STRIPE82-0066_0023286,0.0
DR4_3_STRIPE82-0066_0023482,0.0
DR4_3_STRIPE82-0066_0023578,0.0
DR4_3_STRIPE82-0040_0009414,0.0
DR4_3_STRIPE82-0040_0010455,0.0
DR4_3_STRIPE82-0004_0023106,0.0
DR4_3_STRIPE82-0004_0023710,0.0
DR4_3_STRIPE82-0004_0023783,0.0
DR4_3_STRIPE82-0035_0019633,1.0
DR4_3_STRIPE82-0110_0044127,1.0
DR4_3_STRIPE82-0120_0020716,1.0
DR4_3_STRIPE82-0010_0015065,1.0
DR4_3_STRIPE82-0010_0016126,1.0
DR4_3_STRIPE82-0106_0043406,1.0
DR4_3_STRIPE82-0026_0014222,1.0
DR4_3_STRIPE82-0026_0014313,1.0
DR4_3_STRIPE82-0103_0013781,1.0
DR4_3_STRIPE82-0010_0015944,1.0
DR4_3_STRIPE82-0061_0033732,1.0
DR4_3_STRIPE82-0067_0027212,1.0
DR4_3_STRIPE82-0067_0043618,1.0
DR4_3_STRIPE82-0031_0031915,1.0
DR4_3_STRIPE82-0042_0009358,1.0
DR4_3_STRIPE82-0042_0010638,1.0
DR4_3_STRIPE82-0102_0052304,1.0
DR4_3_STRIPE82-0102_0052142,1.0
DR4_3_STRIPE82-0039_0039321,1.0
DR4_3_STRIPE82-0039_0039916,1.0
DR4_3_STRIPE82-0039_0025461,0.0
DR4_3_STRIPE82-0039_0028359,0.0
DR4_3_STRIPE82-0039_0028659,0.0
DR4_3_STRIPE82-0039_0029977,0.0
DR4_3_STRIPE82-0039_0030051,0.0
DR4_3_STRIPE82-0039_0030625,0.0
DR4_3_STRIPE82-0039_0031104,0.0
DR4_3_STRIPE82-0039_0031185,0.0
DR4_3_STRIPE82-0039_0031432,0.0
DR4_3_STRIPE82-0039_0031868,0.0
DR4_3_STRIPE82-0039_0032796,0.0
DR4_3_STRIPE82-0039_0033150,0.0
DR4_3_STRIPE82-0039_0037336,0.0
DR4_3_STRIPE82-0039_0041511,0.0
DR4_3_STRIPE82-0039_0042415,0.0
DR4_3_STRIPE82-0039_0040610,0.0
DR4_3_STRIPE82-0044_0033801,1.0
DR4_3_STRIPE82-0044_0043726,1.0
DR4_3_STRIPE82-0044_0044032,1.0
DR4_3_STRIPE82-0044_0042923,1.0
DR4_3_STRIPE82-0042_0033556,0.0
DR4_3_STRIPE82-0042_0033994,0.0
DR4_3_STRIPE82-0042_0036736,0.0
DR4_3_STRIPE82-0044_0033429,0.0
DR4_3_STRIPE82-0044_0033547,0.0
DR4_3_STRIPE82-0044_0034212,0.0
DR4_3_STRIPE82-0044_0035142,0.0
DR4_3_STRIPE82-0044_0043358,0.0
DR4_3_STRIPE82-0044_0044487,0.0
DR4_3_STRIPE82-0044_0044638,0.0
DR4_3_STRIPE82-0044_0044648,0.0
DR4_3_STRIPE82-0044_0044759,0.0
DR4_3_STRIPE82-0044_0039568,0.0
DR4_3_STRIPE82-0149_0025729,1.0
DR4_3_STRIPE82-0149_0041669,1.0
DR4_3_STRIPE82-0149_0043183,1.0
DR4_3_STRIPE82-0149_0043415,1.0
DR4_3_STRIPE82-0147_0040264,0.0
DR4_3_STRIPE82-0149_0025351,0.0
DR4_3_STRIPE82-0149_0025831,0.0
DR4_3_STRIPE82-0149_0028038,0.0
DR4_3_STRIPE82-0149_0040821,0.0
DR4_3_STRIPE82-0149_0041278,0.0
DR4_3_STRIPE82-0149_0041769,0.0
DR4_3_STRIPE82-0149_0042845,0.0
DR4_3_STRIPE82-0149_0043053,0.0
DR4_3_STRIPE82-0149_0042030,0.0
DR4_3_STRIPE82-0149_0043109,0.0
DR4_3_STRIPE82-0149_0040389,0.0
DR4_3_STRIPE82-0149_0024633,0.0
DR4_3_STRIPE82-0149_0024639,0.0
DR4_3_STRIPE82-0149_0025230,0.0
DR4_3_STRIPE82-0149_0025706,0.0
DR4_3_STRIPE82-0149_0025715,0.0
DR4_3_STRIPE82-0149_0026625,0.0
DR4_3_STRIPE82-0149_0026924,0.0
DR4_3_STRIPE82-0149_0026949,0.0
DR4_3_STRIPE82-0149_0028362,0.0
DR4_3_STRIPE82-0149_0028431,0.0
DR4_3_STRIPE82-0149_0029648,0.0
DR4_3_STRIPE82-0149_0029878,0.0
DR4_3_STRIPE82-0149_0041197,0.0
DR4_3_STRIPE82-0149_0043166,0.0
DR4_3_STRIPE82-0149_0025864,0.0
DR4_3_STRIPE82-0149_0025948,0.0
DR4_3_STRIPE82-0149_0026564,0.0
DR4_3_STRIPE82-0007_0029896,1.0
DR4_3_STRIPE82-0163_0017132,1.0
DR4_3_STRIPE82-0044_0015410,1.0
DR4_3_STRIPE82-0004_0013642,1.0
DR4_3_STRIPE82-0004_0009141,0.0
DR4_3_STRIPE82-0004_0009162,0.0
DR4_3_STRIPE82-0004_0010378,0.0
DR4_3_STRIPE82-0004_0010649,0.0
DR4_3_STRIPE82-0004_0012871,0.0
DR4_3_STRIPE82-0004_0014721,0.0
DR4_3_STRIPE82-0004_0015682,0.0
DR4_3_STRIPE82-0004_0016672,0.0
DR4_3_STRIPE82-0004_0017530,0.0
DR4_3_STRIPE82-0004_0018383,0.0
DR4_3_STRIPE82-0005_0021836,0.0
DR4_3_STRIPE82-0005_0029727,0.0
DR4_3_STRIPE82-0007_0039503,0.0
DR4_3_STRIPE82-0009_0013176,0.0
DR4_3_STRIPE82-0009_0013219,0.0
DR4_3_STRIPE82-0009_0015378,0.0
DR4_3_STRIPE82-0011_0015984,0.0
DR4_3_STRIPE82-0011_0019172,0.0
DR4_3_STRIPE82-0011_0019647,0.0
DR4_3_STRIPE82-0013_0018752,0.0
DR4_3_STRIPE82-0013_0021211,0.0
DR4_3_STRIPE82-0013_0023713,0.0
DR4_3_STRIPE82-0016_0002702,0.0
DR4_3_STRIPE82-0016_0004302,0.0
DR4_3_STRIPE82-0016_0004578,0.0
DR4_3_STRIPE82-0016_0004888,0.0
DR4_3_STRIPE82-0016_0006951,0.0
DR4_3_STRIPE82-0017_0012132,0.0
DR4_3_STRIPE82-0017_0012205,0.0
DR4_3_STRIPE82-0017_0015638,0.0
DR4_3_STRIPE82-0017_0016313,0.0
DR4_3_STRIPE82-0017_0016947,0.0
DR4_3_STRIPE82-0017_0017217,0.0
DR4_3_STRIPE82-0017_0018434,0.0
DR4_3_STRIPE82-0017_0018559,0.0
DR4_3_STRIPE82-0017_0021569,0.0
DR4_3_STRIPE82-0017_0030186,0.0
DR4_3_STRIPE82-0017_0044561,0.0
DR4_3_STRIPE82-0018_0002101,0.0
DR4_3_STRIPE82-0018_0003272,0.0
DR4_3_STRIPE82-0018_0003439,0.0
DR4_3_STRIPE82-0018_0005083,0.0
DR4_3_STRIPE82-0018_0005701,0.0
DR4_3_STRIPE82-0018_0005919,0.0
DR4_3_STRIPE82-0020_0023612,0.0
DR4_3_STRIPE82-0020_0023815,0.0
DR4_3_STRIPE82-0020_0024124,0.0
DR4_3_STRIPE82-0021_0044497,0.0
DR4_3_STRIPE82-0027_0032949,0.0
DR4_3_STRIPE82-0027_0033303,0.0
DR4_3_STRIPE82-0027_0036083,0.0
DR4_3_STRIPE82-0027_0038675,0.0
DR4_3_STRIPE82-0027_0045207,0.0
DR4_3_STRIPE82-0027_0045859,0.0
DR4_3_STRIPE82-0028_0000424,0.0
DR4_3_STRIPE82-0029_0025151,0.0
DR4_3_STRIPE82-0041_0008058,0.0
DR4_3_STRIPE82-0041_0010639,0.0
DR4_3_STRIPE82-0041_0010674,0.0
DR4_3_STRIPE82-0041_0010907,0.0
DR4_3_STRIPE82-0041_0012870,0.0
DR4_3_STRIPE82-0041_0013981,0.0
DR4_3_STRIPE82-0041_0016316,0.0
DR4_3_STRIPE82-0041_0016907,0.0
DR4_3_STRIPE82-0041_0035345,0.0
DR4_3_STRIPE82-0041_0036275,0.0
DR4_3_STRIPE82-0041_0036988,0.0
DR4_3_STRIPE82-0042_0030820,0.0
DR4_3_STRIPE82-0041_0039684,0.0
DR4_3_STRIPE82-0042_0031400,0.0
DR4_3_STRIPE82-0042_0032701,0.0
DR4_3_STRIPE82-0042_0033376,0.0
DR4_3_STRIPE82-0042_0035255,0.0
DR4_3_STRIPE82-0042_0036069,0.0
DR4_3_STRIPE82-0042_0044981,0.0
DR4_3_STRIPE82-0043_0015817,0.0
DR4_3_STRIPE82-0043_0018834,0.0
DR4_3_STRIPE82-0043_0018862,0.0
DR4_3_STRIPE82-0044_0011503,0.0
DR4_3_STRIPE82-0044_0012716,0.0
DR4_3_STRIPE82-0044_0012925,0.0
DR4_3_STRIPE82-0060_0017839,0.0
DR4_3_STRIPE82-0060_0019039,0.0
DR4_3_STRIPE82-0060_0026088,0.0
DR4_3_STRIPE82-0060_0027549,0.0
DR4_3_STRIPE82-0060_0027596,0.0
DR4_3_STRIPE82-0060_0027697,0.0
DR4_3_STRIPE82-0060_0028152,0.0
DR4_3_STRIPE82-0071_0006514,0.0
DR4_3_STRIPE82-0071_0009531,0.0
DR4_3_STRIPE82-0071_0012109,0.0
DR4_3_STRIPE82-0071_0025759,0.0
DR4_3_STRIPE82-0071_0026205,0.0
DR4_3_STRIPE82-0071_0027547,0.0
DR4_3_STRIPE82-0071_0030589,0.0
DR4_3_STRIPE82-0071_0032859,0.0
DR4_3_STRIPE82-0072_0015114,0.0
DR4_3_STRIPE82-0072_0019705,0.0
DR4_3_STRIPE82-0072_0021181,0.0
DR4_3_STRIPE82-0075_0009662,0.0
DR4_3_STRIPE82-0077_0011627,0.0
DR4_3_STRIPE82-0077_0012938,0.0
DR4_3_STRIPE82-0079_0011365,0.0
DR4_3_STRIPE82-0079_0011439,0.0
DR4_3_STRIPE82-0079_0012621,0.0
DR4_3_STRIPE82-0079_0013427,0.0
DR4_3_STRIPE82-0044_0013990,0.0
DR4_3_STRIPE82-0079_0015160,0.0
DR4_3_STRIPE82-0084_0021137,0.0
DR4_3_STRIPE82-0084_0021209,0.0
DR4_3_STRIPE82-0084_0022833,0.0
DR4_3_STRIPE82-0107_0049194,0.0
DR4_3_STRIPE82-0107_0055735,0.0
DR4_3_STRIPE82-0107_0056522,0.0
DR4_3_STRIPE82-0113_0027744,0.0
DR4_3_STRIPE82-0113_0030762,0.0
DR4_3_STRIPE82-0113_0031076,0.0
DR4_3_STRIPE82-0113_0031870,0.0
DR4_3_STRIPE82-0113_0031975,0.0
DR4_3_STRIPE82-0113_0032775,0.0
DR4_3_STRIPE82-0113_0033646,0.0
DR4_3_STRIPE82-0113_0035419,0.0
DR4_3_STRIPE82-0129_0025922,0.0
DR4_3_STRIPE82-0129_0026590,0.0
DR4_3_STRIPE82-0129_0026615,0.0
DR4_3_STRIPE82-0129_0027369,0.0
DR4_3_STRIPE82-0129_0028391,0.0
DR4_3_STRIPE82-0129_0029480,0.0
DR4_3_STRIPE82-0129_0045426,0.0
DR4_3_STRIPE82-0139_0029813,0.0
DR4_3_STRIPE82-0139_0032424,0.0
DR4_3_STRIPE82-0160_0021054,0.0
DR4_3_STRIPE82-0160_0023912,0.0
DR4_3_STRIPE82-0160_0024966,0.0
DR4_3_STRIPE82-0160_0026955,0.0
DR4_3_STRIPE82-0161_0005738,0.0
DR4_3_STRIPE82-0161_0006224,0.0
DR4_3_STRIPE82-0161_0006672,0.0
DR4_3_STRIPE82-0161_0007138,0.0
DR4_3_STRIPE82-0161_0007467,0.0
DR4_3_STRIPE82-0161_0008457,0.0
DR4_3_STRIPE82-0161_0022319,0.0
DR4_3_STRIPE82-0161_0025100,0.0
DR4_3_STRIPE82-0161_0025265,0.0
DR4_3_STRIPE82-0161_0026265,0.0
DR4_3_STRIPE82-0161_0028699,0.0
DR4_3_STRIPE82-0161_0029644,0.0
DR4_3_STRIPE82-0161_0030946,0.0
DR4_3_STRIPE82-0162_0002235,0.0
DR4_3_STRIPE82-0162_0003905,0.0
DR4_3_STRIPE82-0162_0024577,0.0
DR4_3_STRIPE82-0162_0025757,0.0
DR4_3_STRIPE82-0162_0025857,0.0
DR4_3_STRIPE82-0163_0030951,0.0
DR4_3_STRIPE82-0163_0042193,0.0
DR4_3_STRIPE82-0163_0043337,0.0
DR4_3_STRIPE82-0163_0044542,0.0
DR4_3_STRIPE82-0164_0045358,0.0
DR4_3_STRIPE82-0165_0029648,0.0
DR4_3_STRIPE82-0166_0000952,0.0
DR4_3_STRIPE82-0166_0001802,0.0
DR4_3_STRIPE82-0166_0004295,0.0
DR4_3_STRIPE82-0166_0005745,0.0
DR4_3_STRIPE82-0170_0009016,0.0
DR4_3_STRIPE82-0170_0012380,0.0
DR4_3_STRIPE82-0170_0012528,0.0
DR4_3_STRIPE82-0170_0014319,0.0
DR4_3_STRIPE82-0170_0014691,0.0
DR4_3_STRIPE82-0170_0015619,0.0
DR4_3_STRIPE82-0004_0015032,0.0
DR4_3_STRIPE82-0004_0015402,0.0
DR4_3_STRIPE82-0004_0016290,0.0
DR4_3_STRIPE82-0005_0022052,0.0
DR4_3_STRIPE82-0007_0040112,0.0
DR4_3_STRIPE82-0016_0006132,0.0
DR4_3_STRIPE82-0022_0002491,0.0
DR4_3_STRIPE82-0029_0031610,0.0
DR4_3_STRIPE82-0042_0044474,0.0
DR4_3_STRIPE82-0071_0032251,0.0
DR4_3_STRIPE82-0079_0014823,0.0
DR4_3_STRIPE82-0011_0017784,0.0
DR4_3_STRIPE82-0011_0017925,0.0
DR4_3_STRIPE82-0162_0028367,0.0
DR4_3_STRIPE82-0162_0041857,0.0
DR4_3_STRIPE82-0071_0008786,0.0
DR4_3_STRIPE82-0029_0030955,0.0
DR4_3_STRIPE82-0029_0033271,0.0
DR4_3_STRIPE82-0072_0025064,0.0
DR4_3_STRIPE82-0020_0025014,0.0
DR4_3_STRIPE82-0020_0025116,0.0
DR4_3_STRIPE82-0161_0036973,0.0
DR4_3_STRIPE82-0017_0017309,0.0
DR4_3_STRIPE82-0022_0002833,0.0
DR4_3_STRIPE82-0022_0002993,0.0
DR4_3_STRIPE82-0163_0028870,0.0
DR4_3_STRIPE82-0022_0003041,0.0
DR4_3_STRIPE82-0022_0003476,0.0
DR4_3_STRIPE82-0079_0013990,0.0
DR4_3_STRIPE82-0079_0014900,0.0
DR4_3_STRIPE82-0042_0044677,0.0
DR4_3_STRIPE82-0042_0044791,0.0
DR4_3_STRIPE82-0042_0044972,0.0
DR4_3_STRIPE82-0107_0052602,0.0
DR4_3_STRIPE82-0041_0014430,0.0
DR4_3_STRIPE82-0041_0015947,0.0
DR4_3_STRIPE82-0004_0013875,0.0
DR4_3_STRIPE82-0004_0014151,0.0
DR4_3_STRIPE82-0004_0014227,0.0
DR4_3_STRIPE82-0004_0015388,0.0
DR4_3_STRIPE82-0079_0014779,0.0
DR4_3_STRIPE82-0041_0036741,0.0
DR4_3_STRIPE82-0041_0037934,0.0
DR4_3_STRIPE82-0071_0027690,0.0
DR4_3_STRIPE82-0016_0004584,0.0
DR4_3_STRIPE82-0162_0003241,0.0
DR4_3_STRIPE82-0162_0003481,0.0
DR4_3_STRIPE82-0162_0005262,0.0
DR4_3_STRIPE82-0160_0022080,0.0
DR4_3_STRIPE82-0160_0022163,0.0
DR4_3_STRIPE82-0160_0022360,0.0
DR4_3_STRIPE82-0129_0030109,0.0
DR4_3_STRIPE82-0007_0040330,0.0
DR4_3_STRIPE82-0007_0040670,0.0
DR4_3_STRIPE82-0043_0014684,0.0
DR4_3_STRIPE82-0043_0015662,0.0
DR4_3_STRIPE82-0043_0016313,0.0
DR4_3_STRIPE82-0044_0014335,0.0
DR4_3_STRIPE82-0027_0032222,0.0
DR4_3_STRIPE82-0166_0003143,0.0
DR4_3_STRIPE82-0166_0003170,0.0
DR4_3_STRIPE82-0166_0003306,0.0
DR4_3_STRIPE82-0166_0003580,0.0
DR4_3_STRIPE82-0166_0003623,0.0
DR4_3_STRIPE82-0166_0004722,0.0
DR4_3_STRIPE82-0073_0008728,0.0
DR4_3_STRIPE82-0084_0022133,0.0
DR4_3_STRIPE82-0084_0022376,0.0
DR4_3_STRIPE82-0009_0013339,0.0
DR4_3_STRIPE82-0009_0014307,0.0
DR4_3_STRIPE82-0009_0014634,0.0
DR4_3_STRIPE82-0005_0020738,0.0
DR4_3_STRIPE82-0005_0021903,0.0
DR4_3_STRIPE82-0005_0021904,0.0
DR4_3_STRIPE82-0005_0022015,0.0
DR4_3_STRIPE82-0005_0022425,0.0
DR4_3_STRIPE82-0084_0022098,0.0
DR4_3_STRIPE82-0139_0031699,0.0
DR4_3_STRIPE82-0139_0031974,0.0
DR4_3_STRIPE82-0139_0032022,0.0
DR4_3_STRIPE82-0139_0032453,0.0
DR4_3_STRIPE82-0166_0002057,0.0
DR4_3_STRIPE82-0166_0002297,0.0
DR4_3_STRIPE82-0166_0002867,0.0
DR4_3_STRIPE82-0005_0016395,1.0
DR4_3_STRIPE82-0005_0019126,1.0
DR4_3_STRIPE82-0016_0000799,1.0
DR4_3_STRIPE82-0017_0013798,1.0
DR4_3_STRIPE82-0018_0000837,1.0
DR4_3_STRIPE82-0018_0000906,1.0
DR4_3_STRIPE82-0018_0001557,1.0
DR4_3_STRIPE82-0029_0034136,1.0
DR4_3_STRIPE82-0166_0000688,1.0
DR4_3_STRIPE82-0166_0001311,1.0
DR4_3_STRIPE82-0005_0021998,1.0
DR4_3_STRIPE82-0029_0026563,1.0
DR4_3_STRIPE82-0042_0044529,1.0
DR4_3_STRIPE82-0071_0010476,1.0
DR4_3_STRIPE82-0072_0024680,1.0
DR4_3_STRIPE82-0077_0009296,1.0
DR4_3_STRIPE82-0129_0030413,1.0
DR4_3_STRIPE82-0129_0044886,1.0
DR4_3_STRIPE82-0161_0020448,1.0
DR4_3_STRIPE82-0011_0018866,1.0
DR4_3_STRIPE82-0029_0025511,1.0
DR4_3_STRIPE82-0071_0010394,1.0
DR4_3_STRIPE82-0029_0026675,1.0
DR4_3_STRIPE82-0161_0006441,1.0
DR4_3_STRIPE82-0020_0025660,1.0
DR4_3_STRIPE82-0072_0024325,1.0
DR4_3_STRIPE82-0163_0029096,1.0
DR4_3_STRIPE82-0163_0029670,1.0
DR4_3_STRIPE82-0163_0042538,1.0
DR4_3_STRIPE82-0170_0016524,1.0
DR4_3_STRIPE82-0107_0053720,1.0
DR4_3_STRIPE82-0107_0053979,1.0
DR4_3_STRIPE82-0041_0034921,1.0
DR4_3_STRIPE82-0071_0028025,1.0
DR4_3_STRIPE82-0007_0040451,1.0
DR4_3_STRIPE82-0071_0032403,1.0
DR4_3_STRIPE82-0027_0041768,1.0
DR4_3_STRIPE82-0077_0007624,1.0
DR4_3_STRIPE82-0077_0009029,1.0
DR4_3_STRIPE82-0046_0002306,0.0
DR4_3_STRIPE82-0046_0003466,0.0
DR4_3_STRIPE82-0046_0004066,0.0
DR4_3_STRIPE82-0046_0004927,0.0
DR4_3_STRIPE82-0046_0004961,0.0
DR4_3_STRIPE82-0046_0005009,0.0
DR4_3_STRIPE82-0046_0005049,0.0
DR4_3_STRIPE82-0046_0005239,0.0
DR4_3_STRIPE82-0046_0005597,0.0
DR4_3_STRIPE82-0046_0005975,0.0
DR4_3_STRIPE82-0046_0008243,0.0
DR4_3_STRIPE82-0046_0004107,0.0
DR4_3_STRIPE82-0046_0001081,1.0
DR4_3_STRIPE82-0046_0000533,1.0
DR4_3_STRIPE82-0046_0004038,1.0
DR4_3_STRIPE82-0046_0005729,1.0
DR4_3_STRIPE82-0141_0006722,0.0
DR4_3_STRIPE82-0141_0006779,0.0
DR4_3_STRIPE82-0141_0008562,0.0
DR4_3_STRIPE82-0141_0009758,0.0
DR4_3_STRIPE82-0141_0010582,0.0
DR4_3_STRIPE82-0141_0009081,0.0
DR4_3_STRIPE82-0141_0014732,0.0
DR4_3_STRIPE82-0141_0009549,0.0
DR4_3_STRIPE82-0139_0018185,0.0
DR4_3_STRIPE82-0139_0018955,0.0
DR4_3_STRIPE82-0139_0019154,0.0
DR4_3_STRIPE82-0139_0020009,0.0
DR4_3_STRIPE82-0139_0020786,0.0
DR4_3_STRIPE82-0139_0021709,0.0
DR4_3_STRIPE82-0139_0023594,0.0
DR4_3_STRIPE82-0139_0020442,0.0
DR4_3_STRIPE82-0139_0021430,1.0
DR4_3_STRIPE82-0139_0021693,1.0
DR4_3_STRIPE82-0105_0073068,1.0
DR4_3_STRIPE82-0105_0066905,0.0
DR4_3_STRIPE82-0105_0067053,0.0
DR4_3_STRIPE82-0105_0068480,0.0
DR4_3_STRIPE82-0105_0071448,0.0
DR4_3_STRIPE82-0105_0071715,0.0
DR4_3_STRIPE82-0105_0071928,0.0
DR4_3_STRIPE82-0105_0078069,0.0
DR4_3_STRIPE82-0105_0078234,0.0
DR4_3_STRIPE82-0106_0003744,0.0
DR4_3_STRIPE82-0106_0003003,0.0
DR4_3_STRIPE82-0105_0078698,0.0
DR4_3_STRIPE82-0105_0080225,0.0
DR4_3_STRIPE82-0105_0077522,1.0
DR4_3_STRIPE82-0105_0077063,1.0
DR4_3_STRIPE82-0023_0030780,0.0
DR4_3_STRIPE82-0023_0030551,0.0
DR4_3_STRIPE82-0023_0030994,0.0
DR4_3_STRIPE82-0023_0031302,0.0
DR4_3_STRIPE82-0023_0034513,0.0
DR4_3_STRIPE82-0023_0035288,0.0
DR4_3_STRIPE82-0023_0035997,0.0
DR4_3_STRIPE82-0023_0036504,0.0
DR4_3_STRIPE82-0023_0037618,0.0
DR4_3_STRIPE82-0023_0044347,0.0
DR4_3_STRIPE82-0024_0001022,0.0
DR4_3_STRIPE82-0023_0037078,0.0
DR4_3_STRIPE82-0023_0037501,0.0
DR4_3_STRIPE82-0023_0036918,1.0
DR4_3_STRIPE82-0058_0010074,0.0
DR4_3_STRIPE82-0058_0010569,0.0
DR4_3_STRIPE82-0058_0010586,0.0
DR4_3_STRIPE82-0058_0012273,0.0
DR4_3_STRIPE82-0058_0012692,0.0
DR4_3_STRIPE82-0058_0015418,0.0
DR4_3_STRIPE82-0058_0016041,0.0
DR4_3_STRIPE82-0058_0016303,0.0
DR4_3_STRIPE82-0058_0017080,0.0
DR4_3_STRIPE82-0058_0018844,0.0
DR4_3_STRIPE82-0058_0015743,0.0
DR4_3_STRIPE82-0058_0016402,1.0
DR4_3_STRIPE82-0058_0016484,1.0
DR4_3_STRIPE82-0063_0033942,1.0
DR4_3_STRIPE82-0063_0030183,0.0
DR4_3_STRIPE82-0063_0032112,0.0
DR4_3_STRIPE82-0063_0035944,0.0
DR4_3_STRIPE82-0063_0035755,0.0
DR4_3_STRIPE82-0063_0036725,0.0
DR4_3_STRIPE82-0063_0037168,0.0
DR4_3_STRIPE82-0063_0038027,0.0
DR4_3_STRIPE82-0069_0027142,0.0
DR4_3_STRIPE82-0069_0027298,0.0
DR4_3_STRIPE82-0069_0028554,0.0
DR4_3_STRIPE82-0069_0029285,0.0
DR4_3_STRIPE82-0069_0032021,0.0
DR4_3_STRIPE82-0069_0032931,0.0
DR4_3_STRIPE82-0069_0026797,0.0
DR4_3_STRIPE82-0069_0027477,0.0
DR4_3_STRIPE82-0069_0032996,0.0
DR4_3_STRIPE82-0069_0028349,0.0
DR4_3_STRIPE82-0069_0029076,0.0
DR4_3_STRIPE82-0069_0029464,0.0
i06s20s0200TCF,0.0
i06s25s080140O,0.0
i06s20s2000NCR,0.0
i06s23s4500CFK,0.0
i06s22s0500GAW,0.0
i06s24s6600SSE,0.0
i06s24s08004DO,0.0
i06s21s07011QM,0.0
i06s23s2900M6N,0.0
i06s27s0200RS2,0.0
i06s23s4500H60,0.0
i06s27s0300MGK,0.0
i06s24s35006A3,0.0
i06s26s17002TO,0.0
i06s22s4600K3W,0.0
i06s26s7200KSE,0.0
i06s25s1200ZW0,0.0
i06s24s6300VYE,0.0
i06s26s5800J8U,0.0
i06s23s4300H0B,0.0
i06s27s1800US0,0.0
i06s24s7300NOA,0.0
i06s27s69008D5,1.0
i06s22s29015DU,0.0
i06s24s75002UE,1.0
i06s22s11013DD,0.0
i06s24s0300ADP,0.0
i06s20s08009B6,0.0
i06s24s56014YU,0.0
i06s26s2200BKD,0.0
i06s20s3300WTY,0.0
i06s25s14003W3,0.0
i06s20s320145V,0.0
i06s20s36007XC,0.0
i06s23s4400AXQ,0.0
i06s26s2700U4M,0.0
i06s22s1200I55,0.0
i06s27s73012TD,0.0
i06s24s1100PI4,0.0
i06s27s11018WB,1.0
i06s24s1800NHY,0.0
i06s26s09004QB,0.0
i06s25s2200ZF2,0.0
i06s26s0600UAY,0.0
i06s24s2801292,0.0
i06s25s3400Q9J,0.0
i06s26s3100PLR,0.0
i06s25s1100Q9Y,0.0
i06s25s170039U,0.0
i06s26s1100DDA,0.0
i06s22s3600KE0,0.0
i06s20s1000BAZ,0.0
i06s23s1500H4M,0.0
i06s27s1000VU0,0.0
i06s22s06008TP,0.0
i06s25s1200MQL,0.0
i06s24s660039P,0.0
i06s22s4300CNJ,0.0
i06s23s1400986,0.0
i06s24s7100703,0.0
i06s21s010124V,0.0
i06s23s0800TP9,0.0
i06s22s29008M2,1.0
i06s25s6900RW0,0.0
i06s26s5700YT4,0.0
i06s27s7200N1A,0.0
i06s26s5700KPF,1.0
i06s23s37012WN,0.0
i06s22s49008WQ,0.0
i06s24s0200W71,0.0
i06s25s2400PZW,0.0
i06s22s4100Q8G,0.0
i06s22s4500L5M,1.0
i06s20s3500TAR,0.0
i06s24s1100J42,0.0
i06s22s30018KD,0.0
i06s23s0600I2S,0.0
i06s20s38003CH,0.0
i06s28s2100R9W,0.0
i06s21s0700D1E,0.0
i06s27s5700RMQ,0.0
i06s24s2400AK8,0.0
i06s26s7000N60,0.0
i06s26s0900O9A,0.0
i06s26s2400I23,0.0
i06s27s2400MJX,0.0
i06s25s6100P1S,0.0
i06s25s150030V,1.0
i06s26s2300IQJ,0.0
i06s24s0101045,0.0
i06s24s2700DKV,0.0
i06s21s3200R8F,1.0
i06s20s51011WB,1.0
i06s22s1900C2A,0.0
i06s25s0700EU0,0.0
i06s24s1000MCB,
i06s25s59010X8,0.0
i06s23s060049O,0.0
i06s23s4100UF2,0.0
i06s25s5700SOB,0.0
i06s20s1700SCJ,0.0
i06s23s37006QS,0.0
i06s26s1200K0N,0.0
i06s27s7100HP6,0.0
i06s25s0600KRP,0.0
i06s27s7000D59,1.0
i06s24s0700EKN,0.0
i06s26s5800QOH,0.0
i06s23s1800LGW,0.0
i06s21s0900SAF,0.0
i06s20s170030I,0.0
i06s25s7400TA8,0.0
i06s20s35000PU,0.0
i06s26s210120Y,0.0
i06s25s6400X7X,0.0
i06s24s6100IT1,0.0
i06s22s1900BEG,0.0
i06s25s1700OT4,0.0
i06s21s2000Y6D,0.0
i06s24s6900TLD,0.0
i06s20s0100G20,0.0
i06s27s7300XAA,0.0
i06s27s7300UP8,0.0
i06s23s4900U38,0.0
i06s27s26017K7,0.0
i06s21s4900CH3,0.0
i06s24s1300PX9,0.0
i06s24s3300I47,0.0
i06s22s20003SO,0.0
i06s25s070106U,0.0
i06s23s1200OAE,0.0
i06s26s2800EED,0.0
i06s21s11010XI,0.0
i06s26s1400BWN,0.0
i06s20s35013P7,0.0
i06s26s2300MYW,0.0
i06s24s0700FZK,0.0
i06s25s2300SK2,0.0
i06s23s4300T6R,0.0
i06s25s0300VFM,0.0
i06s23s18003MI,0.0
i06s27s5800TSZ,1.0
i06s25s68003XQ,0.0
i06s23s4100ULE,0.0
i06s25s12006PW,0.0
i06s27s040163X,0.0
i06s26s2000LHD,0.0
i06s24s08005EB,0.0
i06s27s24009J1,0.0
i06s27s1000BEC,0.0
i06s20s0800GFH,0.0
i06s24s6300WMX,0.0
i06s21s4900MS4,0.0
i06s24s57014OX,0.0
i06s25s0300JNU,0.0
i06s24s0600PJM,0.0
i06s22s0500QT3,0.0
i06s23s3500IF1,0.0
i06s21s04001DJ,0.0
i06s27s7100M6D,0.0
i06s22s04010ZV,0.0
i06s22s4500D2Q,1.0
i06s21s3500D6A,0.0
i06s25s1200HT8,0.0
i06s22s0300M3B,0.0
i06s23s13008QW,0.0
i06s20s3200OUF,0.0
i06s25s6500EV0,0.0
i06s27s1800QSL,0.0
i06s22s0401179,1.0
i06s25s14006ZB,0.0
i06s22s04009VQ,0.0
i06s23s4200TM8,0.0
i06s27s7100LUC,0.0
i06s20s2100RR8,0.0
i06s26s5600MX0,0.0
i06s21s33000ED,0.0
i06s23s3900E3P,0.0
i06s24s0900F00,0.0
i06s24s6700GRQ,0.0
i06s24s72006Z0,0.0
i06s26s2000LML,0.0
i06s23s2900C27,0.0
i06s21s1800GZT,0.0
i06s24s12000I3,0.0
i06s24s76000DO,0.0
i06s21s0500HN6,0.0
i06s25s29014KL,0.0
i06s22s3000AXM,0.0
i06s24s590060W,0.0
i06s27s1500Q0A,0.0
i06s24s6200SCG,
i06s23s3900YAS,0.0
i06s22s0800GQC,0.0
i06s22s2000XTR,0.0
i06s23s3500NG8,0.0
i06s21s1600RKP,0.0
i06s23s3200X43,0.0
i06s22s3600SNG,0.0
i06s21s1800LJK,0.0
i06s24s0400GUJ,0.0
i06s21s1500960,0.0
i06s21s0800T08,0.0
i06s25s2700AC5,0.0
i06s19s3400DVQ,0.0
i06s25s130084T,0.0
i06s22s4900F3A,0.0
i06s21s0100MVY,0.0
i06s26s7200REV,0.0
i06s27s18007SI,0.0
i06s28s2600VI3,0.0
i06s26s13001L2,0.0
i06s25s6800DZ7,0.0
i06s22s49008FI,0.0
i06s25s1000DAI,0.0
i06s26s14015BI,0.0
i06s23s49000BD,0.0
i06s24s28010TZ,0.0
i06s20s17006E7,0.0
i06s24s64011WX,0.0
i06s26s18004OL,0.0
i06s22s20009GH,
i06s24s1300BW2,0.0
i06s26s6800J46,0.0
i06s22s2000SRN,0.0
i06s24s2000TRO,0.0
i06s20s0100XJ8,1.0
i06s25s7400813,0.0
i06s27s04015LE,0.0
i06s23s05002OX,0.0
i06s20s2000CKZ,0.0
i06s19s3400W0J,0.0
i06s24s1200T49,0.0
i06s23s08008SH,1.0
i06s24s2100QNT,0.0
i06s22s08009T9,0.0
i06s25s2100FMS,0.0
i06s25s1800Z4L,0.0
i06s24s0500UVX,0.0
i06s25s5901663,0.0
i06s24s030068U,0.0
i06s24s100157R,0.0
i06s24s7500IMP,0.0
i06s25s1700Y7N,0.0
i06s20s3400ROX,0.0
i06s21s2000TGZ,1.0
i06s20s3500K3T,0.0
i06s22s1600TAP,0.0
i06s21s30003NS,0.0
i06s22s1500EJY,0.0
i06s24s32004J9,0.0
i06s26s5800PU7,0.0
i06s23s1400Q2A,0.0
i06s23s1200BBV,0.0
i06s23s1200JOC,0.0
i06s26s1700ANO,0.0
i06s22s11009NL,1.0
i06s20s2000JE1,0.0
i06s25s76004CY,0.0
i06s26s23004GW,0.0
i06s21s1600G80,0.0
i06s22s1700X6I,0.0
i06s24s1900SF1,0.0
i06s24s3200NOA,0.0
i06s25s68003DB,0.0
i06s22s2000F6Y,0.0
i06s20s1200FK6,0.0
i06s26s2700UKO,0.0
i06s25s7100SYP,0.0
i06s23s0800K6B,1.0
i06s21s0200R3V,0.0
i06s25s1100VUP,0.0
i06s26s1400F7Z,0.0
i06s26s15010TU,0.0
i06s24s2000H3G,0.0
i06s24s130144H,0.0
i06s24s3200ET6,0.0
i06s21s0600J8Z,0.0
i06s25s6300M0A,1.0
i06s26s2200DYC,0.0
i06s27s2100B1D,0.0
i06s25s7600RV8,0.0
i06s22s2800SBZ,0.0
i06s25s1100JG0,0.0
i06s26s09014Q0,0.0
i06s26s5900TCL,0.0
i06s20s3200ZB2,0.0
i06s27s210056G,0.0
i06s21s3600YRR,0.0
i06s27s21007L9,0.0
i06s20s2000OFR,0.0
i06s27s1700KJV,0.0
i06s26s0300PGA,0.0
i06s25s3500SKV,0.0
i06s24s0600VSO,1.0
i06s23s02011V4,0.0
i06s22s1401D94,0.0
i06s24s3100F7E,0.0
i06s25s56013EH,0.0
i06s23s1000HH3,0.0
i06s21s0500CZT,0.0
i06s25s30002ZE,0.0
i06s21s0900VX2,0.0
i06s23s0200WJ6,0.0
i06s25s0700PE3,0.0
i06s25s6600N4H,0.0
i06s22s48000MG,0.0
i06s25s1300YGD,0.0
i06s23s3100JPN,0.0
i06s19s33004B7,0.0
i06s21s12002GM,0.0
i06s26s1300ASV,0.0
i06s20s3500WR5,0.0
i06s26s0900L8B,0.0
i06s21s0700X9Y,0.0
i06s25s7500PR1,0.0
i06s25s33010N6,0.0
i06s24s1000ZBS,0.0
i06s26s1500919,0.0
i06s25s060189U,0.0
i06s20s04002OA,0.0
i06s26s690038H,1.0
i06s24s650028B,0.0
i06s24s75011Y8,0.0
i06s21s33001PV,0.0
i06s24s15005IO,0.0
i06s24s6200WQZ,0.0
i06s24s1600IRS,0.0
i06s21s29004DO,0.0
i06s27s2300V6R,0.0
i06s24s0500HB6,0.0
i06s22s4300WU0,0.0
i06s27s2100B8S,0.0
i06s24s730072R,0.0
i06s25s2100MVQ,0.0
i06s27s1900NGE,0.0
i06s21s3200A46,0.0
i06s25s6800H3U,0.0
i06s26s2200GEM,0.0
i06s25s0401HJH,0.0
i06s23s13006AY,0.0
i06s25s5501KZA,0.0
i06s23s30016X5,0.0
i06s23s1800LOW,0.0
i06s26s0400464,0.0
i06s24s7400SUY,0.0
i06s20s330177T,0.0
i06s24s1400QO1,0.0
i06s23s42002JU,0.0
i06s25s5900S4S,1.0
i06s22s0100PP2,0.0
i06s24s73008IY,0.0
i06s21s3000IIW,0.0
i06s26s7300XYM,0.0
i06s20s3700SY3,0.0
i06s22s1300FG2,0.0
i06s23s11003OL,0.0
i06s23s3100DA0,0.0
i06s25s01002CJ,0.0
i06s23s3200Q24,0.0
i06s20s3800PTG,0.0
i06s26s7300MWK,0.0
i06s22s0600FYC,1.0
i06s26s5600F0A,0.0
i06s24s76006H3,0.0
i06s20s32011JX,0.0
i06s20s36004RR,0.0
i06s27s06013PK,0.0
i06s26s6600DGL,0.0
i06s24s170122M,0.0
i06s24s0400TNY,0.0
i06s25s04003N5,0.0
i06s26s0200SZD,0.0
i06s24s0600IRS,1.0
i06s23s2000D9F,0.0
i06s25s35010T3,0.0
i06s23s01012A1,0.0
i06s20s170028F,0.0
i06s25s5800RI1,0.0
i06s24s6000F3L,0.0
i06s25s3500MPK,0.0
i06s25s260082S,0.0
i06s28s03013AJ,0.0
i06s21s47008PY,0.0
i06s20s1400GH1,0.0
i06s21s04007AG,0.0
i06s19s3800HB3,0.0
i06s24s2300BEJ,0.0
i06s27s32011LK,0.0
i06s27s22007TW,0.0
i06s27s2600ZMO,0.0
i06s22s0100JUO,0.0
i06s26s18012T3,0.0
i06s22s48011NY,0.0
i06s22s3501598,0.0
i06s25s2800F98,0.0
i06s26s0600UI6,0.0
i06s26s22004QC,0.0
i06s26s140001X,0.0
i06s23s4900ZNJ,0.0
i06s24s1900D80,0.0
i06s25s750111D,0.0
i06s20s0600NGS,0.0
i06s25s1800LZ3,0.0
i06s26s0400PO6,0.0
i06s20s0900Z2B,0.0
i06s21s170092U,1.0
i06s20s09002RT,0.0
i06s22s3500WY4,0.0
i06s21s13009RN,0.0
i06s24s2200ELF,0.0
i06s24s6800QUV,0.0
i06s24s1200LRD,0.0
i06s24s3500FYC,0.0
i06s26s66004VH,0.0
i06s24s0600ZHQ,1.0
i06s24s6400HNI,0.0
i06s22s1600BZS,0.0
i06s25s0700YGB,0.0
i06s26s14011HC,0.0
i06s24s73009M5,0.0
i06s26s7200FSH,0.0
i06s20s1600VZU,0.0
i06s21s1300FOZ,0.0
i06s23s08012AA,0.0
i06s20s10004FF,0.0
i06s21s0600JVP,0.0
i06s25s66011BF,0.0
i06s26s1800BQW,0.0
i06s25s160112P,0.0
i06s23s1300UOM,0.0
i06s22s1400Z03,0.0
i06s23s4300SP4,0.0
i06s27s0600L87,0.0
i06s21s0600W4I,0.0
i06s26s1900HL3,0.0
i06s27s0400CZ1,0.0
i06s25s0100P8M,0.0
i06s22s1700D6X,1.0
i06s22s1800PLD,0.0
i06s24s3600SSN,0.0
i06s25s5900T7R,0.0
i06s25s10004L7,0.0
i06s23s1200LRM,0.0
i06s23s2900EGU,0.0
i06s22s31003FH,0.0
i06s27s2100LL7,0.0
i06s27s06007M4,0.0
i06s26s3200NN4,0.0
i06s21s0600IAP,0.0
i06s22s0400TTT,0.0
i06s26s2300QLD,0.0
i06s25s32005EZ,0.0
i06s22s1600LFV,0.0
i06s25s6000T84,0.0
i06s20s0800IZN,0.0
i06s20s0200GKF,0.0
i06s21s1500HNB,0.0
i06s22s0200QTU,0.0
i06s27s14009BW,0.0
i06s24s6300XPY,1.0
i06s27s7300HB4,0.0
i06s22s02018GT,0.0
i06s24s330048E,0.0
i06s23s0400DMX,0.0
i06s21s13006SG,0.0
i06s24s1200LI4,0.0
i06s21s3200ZX8,0.0
i06s26s65002F6,0.0
i06s26s6100AC6,0.0
i06s25s0500AK9,0.0
i06s27s03015WP,0.0
i06s22s1700P29,0.0
i06s26s27002TY,0.0
i06s25s2400CFS,0.0
i06s21s0800LP5,0.0
i06s24s61017P1,0.0
i06s22s49011GN,0.0
i06s26s6500NTC,0.0
i06s25s3300D3T,0.0
i06s27s70002VE,0.0
i06s20s36019YK,0.0
i06s20s3800H43,0.0
i06s23s4100ECV,0.0
i06s23s0500EBV,0.0
i06s21s47002TQ,0.0
i06s20s1900VQP,0.0
i06s20s19000PQ,0.0
i06s26s67002EU,0.0
i06s27s2000WOA,0.0
i06s24s7400SWJ,0.0
i06s21s3101DFF,0.0
i06s22s3900J54,0.0
i06s24s06003WA,0.0
i06s27s5600ST3,0.0
i06s23s3300P54,0.0
i06s24s0200GOU,0.0
i06s26s2500GFU,0.0
i06s25s5600Z76,1.0
i06s27s1700435,0.0
i06s23s040052Y,0.0
i06s23s1600A6P,0.0
i06s27s2000DNW,0.0
i06s26s040075P,0.0
i06s22s0500OEG,0.0
i06s21s1300BGD,0.0
i06s25s6700T0F,0.0
i06s25s16004NG,0.0
i06s20s0100FAN,0.0
i06s27s0400W7P,0.0
i06s27s6900JFZ,0.0
i06s23s1800PGP,0.0
i06s23s3100TIC,0.0
i06s23s4401210,0.0
i06s26s1500DR7,0.0
i06s24s6300XGC,0.0
i06s26s06007YV,0.0
i06s26s7000MKY,0.0
i06s25s7400J09,0.0
i06s22s2000MMN,0.0
i06s23s3900PN3,0.0
i06s25s5600VYI,0.0
i06s24s1300VPT,1.0
i06s25s660147Z,0.0
i06s27s28010IK,0.0
i06s20s3400668,0.0
i06s21s320060X,0.0
i06s26s25012US,0.0
i06s21s13000GB,0.0
i06s21s01013H1,0.0
i06s24s1300QUL,0.0
i06s24s210022B,0.0
i06s20s0100QB5,0.0
i06s20s0900F06,0.0
i06s22s39001YI,0.0
i06s23s39009S0,0.0
i06s25s6700Z73,0.0
i06s27s5600SSE,0.0
i06s24s3400WYV,0.0
i06s27s72001SB,0.0
i06s25s7400JNK,0.0
i06s26s6800MSA,0.0
i06s23s1000GTC,0.0
i06s25s3400QF6,0.0
i06s22s4400AWP,0.0
i06s26s62005TP,0.0
i06s24s6600MZB,0.0
i06s25s7100MMS,0.0
i06s24s7500TH4,0.0
i06s20s5100OKY,0.0
i06s25s2300XMC,0.0
i06s25s0400LRB,0.0
i06s26s2200M0Q,0.0
i06s24s2400CTX,
i06s27s7200SD0,0.0
i06s22s0800QQ6,0.0
i06s23s29011HL,0.0
i06s26s7200PYP,0.0
i06s23s130079G,0.0
i06s26s7100ENZ,0.0
i06s26s2500KCZ,0.0
i06s24s7000TX4,0.0
i06s20s1800260,0.0
i06s23s02012CT,0.0
i06s22s1400LKD,1.0
i06s24s3400O5S,0.0
i06s26s6300FED,0.0
i06s23s1600SEG,0.0
i06s26s1300I04,0.0
i06s26s1500F3W,0.0
i06s23s1800R6B,0.0
i06s27s26008Y0,0.0
i06s21s03008W7,0.0
i06s27s0200HU1,0.0
i06s20s1600JZA,0.0
i06s24s5700X4W,0.0
i06s20s0300P1S,0.0
i06s27s1000IN2,0.0
i06s27s7200L51,0.0
i06s22s30018TM,0.0
i06s22s2000QDY,0.0
i06s21s0300O6M,0.0
i06s26s23007XD,0.0
i06s25s30008F3,0.0
i06s24s5600BBO,0.0
i06s23s4700KS8,0.0
i06s20s3400JOJ,0.0
i06s27s580131B,0.0
i06s25s70013BQ,0.0
i06s21s170081L,0.0
i06s20s11005AW,0.0
i06s27s23002CX,0.0
i06s24s0400FPL,0.0
i06s25s6900V0A,0.0
i06s26s690076P,0.0
i06s24s6600CRK,0.0
i06s27s58009CW,0.0
i06s22s19008LF,0.0
i06s24s2500BGZ,0.0
i06s25s020047W,0.0
i06s24s5600BOG,0.0
i06s26s67008DM,0.0
i06s27s18006SD,0.0
i06s25s1000AT6,0.0
i06s22s0400WKS,0.0
i06s25s2600TG0,0.0
i06s25s6101AGW,0.0
i06s22s1101385,0.0
i06s27s0500VTQ,0.0
i06s24s7600EAQ,0.0
i06s24s1700GS7,0.0
i06s26s0900TGR,0.0
i06s24s2600SV6,
i06s23s1100SPF,0.0
i06s23s4400VU0,0.0
i06s26s2300ZOV,0.0
i06s24s2900HJD,0.0
i06s24s6600H07,0.0
i06s20s080138V,0.0
i06s24s15006QR,0.0
i06s24s70000IS,0.0
i06s21s060080J,0.0
i06s23s2901001,0.0
i06s25s6600S99,0.0
i06s23s4700H3L,0.0
i06s20s3500WX3,0.0
i06s24s0900YJ4,0.0
i06s26s56003M2,0.0
i06s26s3200R13,0.0
i06s22s1800R42,0.0
i06s22s0200MC1,0.0
i06s22s03014EH,0.0
i06s20s3200ARE,0.0
i06s21s0500939,0.0
i06s21s0900LJS,0.0
i06s26s22005PA,0.0
i06s26s71007XE,0.0
i06s21s3000DEF,0.0
i06s21s08002GT,0.0
i06s25s6100H07,0.0
i06s25s2700EPH,0.0
i06s24s3300TYI,0.0
i06s26s56007D1,0.0
i06s21s3200VVB,0.0
i06s26s6700RPP,0.0
i06s25s23013HU,0.0
i06s23s11009KE,0.0
i06s22s15008W5,0.0
i06s25s3500T86,0.0
i06s26s2000XY0,0.0
i06s20s1200N9R,0.0
i06s26s7300X4H,0.0
i06s25s6900COM,0.0
i06s25s68008QI,0.0
i06s23s19000CZ,0.0
i06s26s7000PWS,0.0
i06s22s4700SFA,0.0
i06s23s030040E,0.0
i06s22s46001GS,0.0
i06s24s05004GV,0.0
i06s26s3100SEF,0.0
i06s21s1200EEU,0.0
i06s25s1700GM4,0.0
i06s24s2100N4Q,0.0
i06s25s7000PSO,0.0
i06s22s4200YA0,0.0
i06s20s0600CAV,0.0
i06s26s3100RGN,0.0
i06s24s2800ZFS,0.0
i06s24s27009OS,0.0
i06s27s240006X,0.0
i06s23s0200PHN,0.0
i06s28s0300Y2F,0.0
i06s21s14005TX,0.0
i06s21s320192W,0.0
i06s25s13007OV,0.0
i06s24s1000U1I,0.0
i06s25s2100H1H,0.0
i06s26s03002G9,0.0
i06s23s4700AV1,0.0
i06s23s1500Q9I,0.0
i06s24s0100ZCE,0.0
i06s24s3500SMC,1.0
i06s26s6600BDP,0.0
i06s23s1700EFI,0.0
i06s27s55012DD,0.0
i06s21s0800CLC,0.0
i06s26s1800YA1,0.0
i06s23s10013PU,0.0
i06s20s1900MG6,0.0
i06s23s0500FYV,0.0
i06s21s31003PM,0.0
i06s26s69002VA,0.0
i06s23s1700V8R,0.0
i06s24s1800X3X,0.0
i06s22s1000KIL,0.0
i06s21s34015R4,0.0
i06s27s27002R2,0.0
i06s22s0900INO,0.0
i06s22s3600J7E,0.0
i06s26s250069U,0.0
i06s24s6900PTB,0.0
i06s22s1500M53,0.0
i06s20s1600CDJ,0.0
i06s24s2400UWK,0.0
i06s20s3300SRL,0.0
i06s20s0300W41,0.0
i06s22s34005PI,0.0
i06s23s05005XI,0.0
i06s21s0900UL1,0.0
i06s27s220085G,0.0
i06s27s6900X2T,0.0
i06s23s3200J0R,0.0
i06s22s010097X,0.0
i06s23s360019O,0.0
i06s24s0600TY7,1.0
i06s27s0400B8S,0.0
i06s26s2000ZCK,0.0
i06s22s1300ALT,0.0
i06s25s1200521,0.0
i06s26s0200AWJ,0.0
i06s20s0200SAT,0.0
i06s26s20011ZP,0.0
i06s24s6800VJV,0.0
i06s24s2600IVQ,0.0
i06s23s08004GU,0.0
i06s21s0400M08,0.0
i06s24s2400VE6,0.0
i06s24s7200N2F,0.0
i06s25s23010ML,0.0
i06s27s2100U93,0.0
i06s20s5100ISO,0.0
i06s22s0500M3C,0.0
i06s25s2100A70,0.0
i06s24s320045I,0.0
i06s27s7200FS8,0.0
i06s23s4800XC3,0.0
i06s21s32000H1,0.0
i06s20s190065K,0.0
i06s23s1000IKI,1.0
i06s23s4400N9I,0.0
i06s27s7300KNW,0.0
i06s25s0300CON,0.0
i06s26s0101BQ2,0.0
i06s24s6400H1L,0.0
i06s24s2000845,0.0
i06s28s0600JT6,0.0
i06s23s18006NV,0.0
i06s26s2500HFX,0.0
i06s24s15006QE,0.0
i06s21s1700FQQ,0.0
i06s25s03000R4,0.0
i06s23s3900ZPJ,0.0
i06s24s2300FP7,0.0
i06s24s34010YA,0.0
i06s23s3100N0O,0.0
i06s23s180101D,0.0
i06s20s08014HU,0.0
i06s20s1000POA,0.0
i06s22s4200XCM,0.0
i06s27s2300UJO,0.0
i06s23s4200POI,0.0
i06s24s6500GEL,0.0
i06s27s0200KHH,0.0
i06s26s2400MUG,0.0
i06s26s2400HXS,0.0
i06s24s0600L45,0.0
i06s23s330150Q,0.0
i06s23s47005T3,0.0
i06s25s720013K,0.0
i06s20s51006WK,0.0
i06s22s41001KX,0.0
i06s22s34008XO,1.0
i06s24s26001YQ,0.0
i06s24s1000IGS,0.0
i06s27s2600EID,0.0
i06s26s010039X,0.0
i06s23s3100ID1,0.0
i06s24s3500CW8,0.0
i06s24s6800QJ0,0.0
i06s24s5601A8K,0.0
i06s26s04006RH,0.0
i06s20s16012ZK,0.0
i06s25s5800VWM,0.0
i06s24s7400D0W,0.0
i06s24s5900ZX6,0.0
i06s24s0500635,0.0
i06s25s01008OU,0.0
i06s24s7600G9J,0.0
i06s25s03006K4,0.0
i06s26s660057H,0.0
i06s26s5900KH4,0.0
i06s26s2100FQH,0.0
i06s24s6200TXO,0.0
i06s23s1300WZ8,0.0
i06s24s5800VZ4,0.0
i06s25s6500VYW,0.0
i06s21s0200V48,0.0
i06s26s7400GAC,0.0
i06s25s64008BC,0.0
i06s21s02007GQ,0.0
i06s24s2000LDD,0.0
i06s21s04003WF,0.0
i06s27s0200EK9,0.0
i06s20s18006KL,0.0
i06s22s140036M,1.0
i06s26s6300IBP,0.0
i06s25s2900HDX,0.0
i06s26s2200H36,0.0
i06s22s4300UWF,0.0
i06s25s7200E24,0.0
i06s26s1800TB5,0.0
i06s23s4900MDR,0.0
i06s24s03002R2,0.0
i06s27s1800QUG,0.0
i06s26s1900F8Y,0.0
i06s22s4100DJS,0.0
i06s27s27001O6,0.0
i06s21s1600TGE,0.0
i06s25s0600HFD,0.0
i06s24s10003NF,0.0
i06s26s1500W3T,0.0
i06s25s1200XV8,0.0
i06s23s38005AV,0.0
i06s21s36004P6,1.0
i06s26s7100MZY,0.0
i06s26s3200PPW,0.0
i06s24s5800VWG,0.0
i06s26s6100HXJ,0.0
i06s22s3000E0P,0.0
i06s22s2000XP9,0.0
i06s23s1500Y67,0.0
i06s23s200120H,0.0
i06s25s08011FT,0.0
i06s25s2800JEP,0.0
i06s23s4900DF8,0.0
i06s27s700040F,0.0
i06s22s4100E29,1.0
i06s25s3400QPY,0.0
i06s22s1900RYM,0.0
i06s25s310091R,0.0
i06s25s21004I5,0.0
i06s19s34015N8,0.0
i06s24s3200FMN,0.0
i06s23s46000HR,0.0
i06s26s0400X7U,0.0
i06s20s07000KF,0.0
i06s25s3400KRW,0.0
i06s22s120099W,0.0
i06s23s1100HXK,0.0
i06s27s0300GMC,0.0
i06s24s7300HPL,0.0
i06s22s34018ER,0.0
i06s19s3800T70,0.0
i06s22s31003BW,0.0
i06s26s1300NNC,0.0
i06s26s6600CE5,0.0
i06s23s4900TU0,0.0
i06s23s0800X0E,0.0
i06s24s0700BWR,0.0
i06s26s71006OQ,0.0
i06s20s3100SVT,0.0
i06s26s6800CPK,0.0
i06s24s04010UE,0.0
i06s24s21004GW,0.0
i06s20s14009O6,0.0
i06s26s5900Q4V,0.0
i06s22s0800HBH,0.0
i06s24s2200TSQ,0.0
i06s24s1900N6V,0.0
i06s26s32003LN,0.0
i06s26s2200DRI,0.0
i06s24s2600082,0.0
i06s24s57001FN,0.0
i06s23s1200AQO,0.0
i06s20s1100VYA,0.0
i06s27s21002ZS,0.0
i06s20s0200DSV,1.0
i06s23s18008IK,0.0
i06s26s2100ZBJ,0.0
i06s27s03014JF,0.0
i06s25s0100EWZ,0.0
i06s25s2600UO9,0.0
i06s23s3100Y23,0.0
i06s22s3800JTW,1.0
i06s25s5700Y49,0.0
i06s26s15003IB,1.0
i06s20s3300F8V,0.0
i06s25s050075I,0.0
i06s26s0600A78,0.0
i06s22s0100SZ9,1.0
i06s27s5600UE4,0.0
i06s23s030066B,0.0
i06s24s10012SV,0.0
i06s27s24007NM,0.0
i06s26s1800Y9M,0.0
i06s24s0201206,0.0
i06s24s0200R5F,0.0
i06s22s44008FG,0.0
i06s22s37009R6,0.0
i06s26s0700SZ9,0.0
i06s21s0200DQU,0.0
i06s25s6400M8X,0.0
i06s26s030128B,0.0
i06s26s56000L2,0.0
i06s23s200167C,0.0
i06s24s0800RVW,0.0
i06s26s63004LI,0.0
i06s23s0800YS9,0.0
i06s26s21002SD,0.0
i06s20s0700BUN,0.0
i06s25s7200DGA,0.0
i06s26s5600SOF,0.0
i06s27s57014YM,0.0
i06s26s7200F3S,0.0
i06s24s09003P3,0.0
i06s25s6900XKK,0.0
i06s21s0900D50,0.0
i06s27s04004X5,0.0
i06s26s0100BAU,0.0
i06s25s7000OK9,1.0
i06s21s40000EE,0.0
i06s26s67006YJ,0.0
i06s26s13006MY,1.0
i06s26s1600RXW,0.0
i06s26s3100G81,0.0
i06s25s050061A,0.0
i06s21s0800OQ3,0.0
i06s27s0300T2I,0.0
i06s23s3300CEC,0.0
i06s20s16008X3,0.0
i06s23s3100XST,0.0
i06s25s04006AR,0.0
i06s26s6300FLO,0.0
i06s24s1100STB,0.0
i06s20s310113K,0.0
i06s23s3800JJ5,0.0
i06s26s6900LO8,0.0
i06s26s0300KLT,0.0
i06s24s5600KP9,0.0
i06s25s1200X04,0.0
i06s28s1400TYJ,0.0
i06s25s6800G11,0.0
i06s25s7000X28,0.0
i06s22s42001UA,0.0
i06s26s06012FK,0.0
i06s26s0500WQT,0.0
i06s21s1400SQI,0.0
i06s24s35004MS,1.0
i06s20s2000OF8,0.0
i06s24s3500V5H,0.0
i06s26s1100ELY,0.0
i06s24s7400RC9,0.0
i06s22s06007OK,0.0
i06s25s6600FN9,0.0
i06s22s1600HQJ,0.0
i06s23s0300A1C,0.0
i06s27s7100AF5,0.0
i06s26s56009CL,0.0
i06s25s59005FD,0.0
i06s24s0100H3R,0.0
i06s26s74004GA,0.0
i06s20s1100V63,0.0
i06s26s1600MB2,0.0
i06s20s17005FE,0.0
i06s21s0300DUT,0.0
i06s26s0100WCC,0.0
i06s26s0900QZ6,0.0
i06s25s2100ABD,0.0
i06s23s36008N9,0.0
i06s24s6100TVX,1.0
i06s24s0200730,0.0
i06s24s1400VO9,0.0
i06s25s710060M,0.0
i06s28s7200ZGJ,0.0
i06s22s1900102,0.0
i06s24s6000YCC,0.0
i06s21s0100QOX,0.0
i06s25s7100HWR,0.0
i06s24s25004TI,0.0
i06s24s0800EGE,0.0
i06s21s12008U6,0.0
i06s25s6700FTV,0.0
i06s24s3300SSG,0.0
i06s20s08002QQ,0.0
i06s25s65005HB,0.0
i06s22s0501AHV,0.0
i06s24s580186N,0.0
i06s21s30012RE,0.0
i06s19s3300H0E,0.0
i06s25s6300BVT,0.0
i06s25s27005S7,0.0
i06s25s2900WEC,0.0
i06s27s0900DA0,0.0
i06s27s69004R9,0.0
i06s27s26012Q3,0.0
i06s24s3200F71,0.0
i06s22s3500ZK0,1.0
i06s25s7200HK8,0.0
i06s25s7400CHU,0.0
i06s27s05013YA,0.0
i06s27s2200WP8,0.0
i06s25s1600HLA,1.0
i06s24s6600IF8,0.0
i06s23s3300OM8,0.0
i06s25s2000M4O,0.0
i06s22s16010PS,0.0
i06s23s18012CT,0.0
i06s24s61014IR,0.0
i06s20s1400EN1,0.0
i06s28s1500X9H,0.0
i06s21s0100XIR,0.0
i06s25s0400CMC,1.0
i06s25s5800A1I,0.0
i06s24s67008DH,0.0
i06s21s31005B3,0.0
i06s27s250082P,0.0
i06s21s4900E9K,0.0
i06s22s2000M38,0.0
i06s23s2000M0M,0.0
i06s22s0200D6N,0.0
i06s22s01017Z9,0.0
i06s26s17006OF,0.0
i06s24s3400NSJ,0.0
i06s25s33003NW,0.0
i06s26s2100A5N,0.0
i06s23s1700536,0.0
i06s23s080133O,0.0
i06s21s31016Y6,0.0
i06s23s4200K4F,0.0
i06s27s69011JV,0.0
i06s23s17007KN,1.0
i06s21s0200I0N,1.0
i06s22s4600XXP,0.0
i06s27s1200K8V,0.0
i06s20s0200CYT,0.0
i06s23s1300K71,0.0
i06s27s30013YN,0.0
i06s20s0600J1B,0.0
i06s20s0600KH0,0.0
i06s20s3100G9A,0.0
i06s26s0300CVK,0.0
i06s23s4500B7W,0.0
i06s27s1200WU6,0.0
i06s20s2100BE6,0.0
i06s25s7600BKO,0.0
i06s23s37009YM,0.0
i06s22s13014II,0.0
i06s23s1300AFZ,0.0
i06s20s1900MR1,0.0
i06s24s63012YD,0.0
i06s24s1600HZ0,0.0
i06s25s75012YY,0.0
i06s25s7200KQN,0.0
i06s24s7500G98,0.0
i06s25s1400A01,0.0
i06s24s0900856,0.0
i06s21s08015DN,0.0
i06s21s4900UPH,0.0
i06s26s1700TOY,0.0
i06s20s18005UM,0.0
i06s25s1300RC8,0.0
i06s26s1500T94,0.0
i06s23s1300Q9E,0.0
i06s24s6000QPW,0.0
i06s25s14006PN,1.0
i06s24s69019HE,0.0
i06s22s030005A,0.0
i06s23s35017WH,0.0
i06s25s2400ADF,0.0
i06s24s3100KVX,0.0
i06s25s11009FN,0.0
i06s27s7300U5W,0.0
i06s24s1600BVJ,0.0
i06s20s31007F0,0.0
i06s24s6100MEC,0.0
i06s23s480036P,0.0
i06s26s0100JGL,0.0
i06s24s0200DR0,0.0
i06s24s0500IE0,0.0
i06s27s1700OTG,0.0
i06s25s3500OEK,0.0
i06s26s3300D8L,0.0
i06s20s0900EOA,0.0
i06s25s0300ZLC,0.0
i06s25s5900HTM,0.0
i06s21s0400M66,0.0
i06s24s080105O,0.0
i06s23s1200M6J,0.0
i06s22s05003DV,1.0
i06s23s3400HCB,0.0
i06s28s0200Y6Q,0.0
i06s22s0600Z8Q,0.0
i06s20s3800UCR,0.0
i06s22s2800IF7,0.0
i06s25s0601524,0.0
i06s24s6200RID,0.0
i06s25s3000N17,0.0
i06s21s36009OF,0.0
i06s23s030069C,0.0
